Similarity;ChEMBL ID;Smiles
43,54838729;CHEMBL208979;Cc1c(NC(=O)Nc2nccs2)c(=O)n(-c2ccccc2)n1C
40,0000006;CHEMBL259176;Cc1c(NC(=O)c2ccc(NS(=O)(=O)c3ccccc3)cc2)c(=O)n(-c2ccccc2)n1C
45,16128898;CHEMBL1334360;Cc1c(NC(C)c2cc(Cl)ccc2O)c(=O)n(-c2ccccc2)n1C
41,53846204;CHEMBL1524955;COc1ccc(NC(=O)Nc2c(C)n(C)n(-c3ccccc3)c2=O)c(OC)c1
43,13725531;CHEMBL1318543;O=C(Nc1ccc(Cl)cc1)Nc1ccc(Oc2ccccc2)cc1
52,54237056;CHEMBL2143994;CCOc1ccc(NC(=O)Nc2c(C)n(C)n(-c3ccccc3)c2=O)cc1
41,26984179;CHEMBL1402886;Cc1c(NC(=O)CSc2ccccc2Cl)c(=O)n(-c2ccccc2)n1C
40,29850662;CHEMBL1892862;CC(C)CCN1C(=O)N(c2ccccc2)C(=O)C1CC(=O)Nc1ccc(Cl)cc1
40,0000006;CHEMBL1076347;O=C(Nc1ccc(Cl)cc1)Nc1ccc(Cl)c(Cl)c1
43,28358173;CHEMBL4976481;Cc1c(NC(=O)c2ccccc2NS(=O)(=O)c2ccc(Cl)cc2)c(=O)n(-c2ccccc2)n1C
42,85714328;CHEMBL4520964;CC(C)NC(=O)Nc1ccc(Cl)cc1
47,54098356;CHEMBL1329578;Cc1c(NC(=O)CSc2ccc(Cl)cc2)c(=O)n(-c2ccccc2)n1C
44,44444478;CHEMBL505456;Cc1c(NC(=O)c2sc(=S)n(-c3ccc(Cl)cc3)c2NC(=S)Nc2ccc(Cl)cc2)c(=O)n(-c2ccccc2)n1C
69,09090877;CHEMBL211957;Cc1ccc(NC(=O)Nc2c(C(C)C)n(C)n(-c3ccccc3)c2=O)cc1F
41,26984179;CHEMBL4910161;Cc1c(NC(=O)c2n[nH]cc2Cl)c(=O)n(-c2ccccc2)n1C
43,63636374;CHEMBL1901528;Cc1c(NC(=O)c2ccc(C(=O)Nc3c(C)n(C)n(-c4ccccc4)c3=O)cc2)c(=O)n(-c2ccccc2)n1C
40,0000006;CHEMBL1342566;Cc1c(NC(=O)c2c(F)cccc2F)c(=O)n(-c2ccccc2)n1C
45,28301954;CHEMBL1831257;CC(=O)Nc1c(C)n(C)n(-c2ccccc2)c1=O
59,61538553;CHEMBL450023;Cc1ccc(NC(=O)Nc2c(C)n(C)n(-c3ccccc3)c2=O)cc1
41,81818068;CHEMBL2346769;O=C(NCCC(c1ccccc1)c1ccccc1)Nc1ccc(Cl)cc1
47,54098356;CHEMBL1605508;COc1cccc(NC(=O)Nc2c(C)n(C)n(-c3ccccc3)c2=O)c1
46,03174627;CHEMBL1423200;Cc1c(NC(=O)CCSc2ccc(Cl)cc2)c(=O)n(-c2ccccc2)n1C
42,62295067;CHEMBL1404010;Cc1c(NC(=O)C(C)N2C(=O)c3ccccc3C2=O)c(=O)n(-c2ccccc2)n1C
47,54098356;CHEMBL1884626;Cc1c(NC(=S)NC(=O)c2ccc(Cl)cc2)c(=O)n(-c2ccccc2)n1C
41,26984179;CHEMBL1515213;Cc1c(NC(=O)COc2ccccc2Cl)c(=O)n(-c2ccccc2)n1C
49,15254116;CHEMBL1875707;Cc1ccc(NC(=O)Nc2c(C)n(C)n(-c3ccccc3)c2=O)c(Cl)c1
43,39622557;CHEMBL1567296;Cc1c(NC(C)C)c(=O)n(-c2ccccc2)n1C.Cl
49,23076928;CHEMBL377163;CSc1ccc(NC(=O)Nc2c(C(C)C)n(C)n(C3=NCCS3)c2=O)cc1
43,54838729;CHEMBL2139762;CN(C)c1ccc(NC(=O)Nc2ccc3c(c2)c(=O)n(C)n3-c2ccccc2)cc1
43,47825944;CHEMBL1370203;Cc1c(NC(=O)CN2C(=O)NC(C)(c3ccc(Cl)cc3)C2=O)c(=O)n(-c2ccccc2)n1C
67,30769277;CHEMBL380160;Cc1c(NC(=O)Nc2ccc(C(C)C)cc2)c(=O)n(-c2ccccc2)n1C
41,09589159;CHEMBL1499497;Cc1c(N=C2NC(=O)C(CC(=O)Nc3ccc(Cl)cc3)S2)c(=O)n(-c2ccccc2)n1C
43,13725531;CHEMBL89873;CC(C)c1cccc(C(C)C)c1NC(=O)Nc1ccccc1
46,96969688;CHEMBL1339411;Cc1c(NC(=O)COC(=O)C(c2ccc(Cl)cc2)C(C)C)c(=O)n(-c2ccccc2)n1C
57,40740895;CHEMBL208884;Cc1c(NC(=O)Nc2ccc(I)cc2)c(=O)n(-c2ccccc2)n1C
40,90909064;CHEMBL5176491;CCOC(=O)c1ccc(NC(=S)Nc2c(C)n(C)n(-c3ccccc3)c2=O)cc1
40,0000006;CHEMBL1257546;Cc1c(NC(=O)c2c(C(=O)O)cccc2C(=O)O)c(=O)n(-c2ccccc2)n1C
40,38461447;CHEMBL1164701;CNc1c(C)n(C)n(-c2ccccc2)c1=O
49,15254116;CHEMBL1523226;Cc1c(N=C(S)Nc2ccc(Cl)cc2)c(=O)n(-c2ccccc2)n1C
49,15254116;CHEMBL1401903;Cc1c(NC(=O)Nc2cccc(F)c2)c(=O)n(-c2ccccc2)n1C
46,15384638;CHEMBL2204208;C[C@H](NC(=O)Nc1ccc(Cl)cc1)c1ccccc1
40,0000006;CHEMBL4935365;Cc1c(NC(=O)C2CCC2)c(=O)n(-c2ccccc2)n1C
40,0000006;CHEMBL1530893;CC(=O)c1ccc(NC(=O)Nc2ccc(Cl)cc2)cc1
42,85714328;CHEMBL4515089;Cc1c(N/N=C(/C(=O)Nc2ccccc2)C(=O)c2ccccc2)c(=O)n(-c2ccccc2)n1C
48,21428657;CHEMBL1867433;Cc1ccccc1NC(=O)Nc1c(C)n(C)n(-c2ccccc2)c1=O
41,26984179;CHEMBL1371342;Cc1c(NC(=S)NC(=O)c2ccccc2Cl)c(=O)n(-c2ccccc2)n1C
46,77419364;CHEMBL1736825;Cc1c(NC(=O)Nc2cccc(C#N)c2)c(=O)n(-c2ccccc2)n1C
41,66666567;CHEMBL1353801;O=C(NCCN1CCN(c2ccccc2)CC1)Nc1ccc(Cl)cc1
40,38461447;CHEMBL82661;O=C(NC(=O)c1ccccc1)Nc1ccc(Cl)cc1
43,75;CHEMBL1904326;Cc1c(NC(=O)COc2ccc(C(C)C)cc2)c(=O)n(-c2ccccc2)n1C
40,0000006;CHEMBL2140787;Cc1c(NC(=O)C(C)Oc2ccc(Br)cc2)c(=O)n(-c2ccccc2)n1C
40,0000006;CHEMBL2296550;CC(C)c1c(CO)n(C)n(-c2ccccc2)c1=O
44,26229596;CHEMBL1332835;COC(=O)c1ccccc1NC(=O)Nc1c(C)n(C)n(-c2ccccc2)c1=O
54,38596606;CHEMBL212116;Cc1c(NC(=O)Nc2ccc(C#N)cc2)c(=O)n(-c2ccccc2)n1C
53,44827771;CHEMBL1429092;Cc1ccc(Cl)cc1NC(=O)Nc1c(C)n(C)n(-c2ccccc2)c1=O
60,00000238;CHEMBL386527;Cc1c(NC(=O)Nc2ccccc2)c(=O)n(-c2ccccc2)n1C
44,26229596;CHEMBL1423160;CC(=O)Nc1ccc(S(=O)(=O)Nc2c(C)n(C)n(-c3ccccc3)c2=O)cc1
41,79104567;CHEMBL4757792;Cn1cc(-c2nn(-c3ccc(NC(=O)Nc4ccc(Cl)cc4)cc3)c(=O)c3ccccc23)cn1
43,54838729;CHEMBL1328927;Cc1c(NC(=O)Nc2ccccc2[N+](=O)[O-])c(=O)n(-c2ccccc2)n1C
41,42857194;CHEMBL1427141;Cc1c(NC(=O)C2CCCN2S(=O)(=O)c2ccc(Cl)cc2)c(=O)n(-c2ccccc2)n1C
41,66666567;CHEMBL1688036;Cc1ccc(NC(=O)Nc2ccc(Cl)cc2)cc1
40,0000006;CHEMBL1735968;Cc1c(NC(=O)C(C)N(c2ccccc2)S(C)(=O)=O)c(=O)n(-c2ccccc2)n1C
53,57142687;CHEMBL1339757;Cc1ccc(NC(=O)Nc2c(C)n(C)n(-c3ccccc3)c2=O)cc1C
42,62295067;CHEMBL85860;CC(C)(C)c1cc(NC(=O)Nc2ccc(Cl)cc2)n(-c2ccccc2)n1
40,7407403;CHEMBL4073727;O=C(Nc1ccc(Cl)cc1)Nc1cccc(-c2cccc(-c3ccccc3)c2)c1
44,61538494;CHEMBL1323065;Cc1c(NC(=O)c2cc(-c3ccc(Cl)cc3)on2)c(=O)n(-c2ccccc2)n1C
43,63636374;CHEMBL1379422;COC(=O)Nc1c(C)n(C)n(-c2ccccc2)c1=O
50;CHEMBL1701596;Cc1c(Cl)cccc1NC(=O)Nc1c(C)n(C)n(-c2ccccc2)c1=O
40,0000006;CHEMBL561640;CC(Oc1ccccc1)C(=O)Nc1ccc(Cl)cc1
44,44444478;CHEMBL1349789;Cc1c(NC(=O)CC(=O)Nc2c(C)n(C)n(-c3ccccc3)c2=O)c(=O)n(-c2ccccc2)n1C
40,7407403;CHEMBL4100542;O=C(Nc1ccc(Cl)cc1)Nc1cccc(-c2ccc(-c3ccccc3)cc2)c1
50;CHEMBL1364920;COc1ccc(NC(=O)Nc2c(C)n(C)n(-c3ccccc3)c2=O)cc1OC
57,1428597;CHEMBL209521;Cc1c(NC(=O)Nc2cccc(Cl)c2)c(=O)n(-c2ccccc2)n1C
44,44444478;CHEMBL1550801;Cc1c(NC(N)=O)c(=O)n(-c2ccccc2)n1C
47,27272689;CHEMBL384106;O=C(Nc1ccc(Cl)cc1)c1c(O)n(-c2ccccc2)n(-c2ccccc2)c1=O
42,37288237;CHEMBL1558945;Cc1noc(-c2ccccc2)c1NC(=O)Nc1ccc(Cl)cc1
41,26984179;CHEMBL1733064;Cc1c(NC(=O)c2cccnc2Cl)c(=O)n(-c2ccccc2)n1C
44,82758641;CHEMBL1716201;Cc1cc(NC(=O)Nc2ccc(Cl)cc2)n(-c2ccccc2)n1
40,67796469;CHEMBL1519652;Cn1nc(-c2ccc(Cl)cc2)cc1NC(=O)Nc1ccccc1
43,10344756;CHEMBL1539583;CCC(CC)C(=O)Nc1c(C)n(C)n(-c2ccccc2)c1=O
42,64705777;CHEMBL1525963;Cc1c(NC(=O)C2CCN(S(=O)(=O)c3ccc(Cl)cc3)CC2)c(=O)n(-c2ccccc2)n1C
46,03174627;CHEMBL2130910;COc1cc(OC)c(NC(=O)Nc2c(C)n(C)n(-c3ccccc3)c2=O)cc1Cl
54,38596606;CHEMBL1724060;Cc1c(NC(=O)Nc2ccc(Cl)cc2Cl)c(=O)n(-c2ccccc2)n1C
40,90909064;CHEMBL1348300;Cc1c(NC(=S)NC(=O)c2cccc(Cl)c2)c(=O)n(-c2ccccc2)n1C
40,29850662;CHEMBL1530568;CC(C)c1ccc(NC(=O)Cn2c3ncccc3c(=O)n2-c2ccccc2)cc1
40,625;CHEMBL1323118;Cc1nn(-c2ccccc2)c(Cl)c1C(=O)Nc1c(C)n(C)n(-c2ccccc2)c1=O
54,38596606;CHEMBL1325087;Cc1c(NC(=O)Nc2cc(Cl)ccc2Cl)c(=O)n(-c2ccccc2)n1C
41,37931168;CHEMBL1459049;CCOC(=O)Nc1c(C)n(C)n(-c2ccccc2)c1=O
43,99999976;CHEMBL1688037;O=C(Nc1ccc(Cl)cc1)Nc1ccccc1Cl
40,0000006;CHEMBL484056;Cc1c(NC(=O)CC#N)c(=O)n(-c2ccccc2)n1C
42,02898443;CHEMBL457897;Cc1c(NC(=O)c2sc(=S)n(-c3ccc(Cl)cc3)c2N)c(=O)n(-c2ccccc2)n1C
45,76271176;CHEMBL1371703;CCc1ccccc1NC(=O)Nc1c(C)n(C)n(-c2ccccc2)c1=O
40,0000006;CHEMBL1518477;Cc1c(NC(=O)N2CCCCCC2)c(=O)n(-c2ccccc2)n1C
40,625;CHEMBL5025867;Cc1c(NC(=O)NCC2CCCCCCC2)c(=O)n(-c2ccccc2)n1C
48,33333194;CHEMBL1882402;Cc1c(NC(=O)Nc2cc(F)c(F)cc2Cl)c(=O)n(-c2ccccc2)n1C
40,0000006;CHEMBL1375296;Cn1ccc(NC(=O)Nc2ccc(Cl)cc2)n1
57,62711763;CHEMBL211220;CSc1ccc(NC(=O)Nc2c(C(C)C)n(C)n(-c3cncnc3)c2=O)cc1
44,11764741;CHEMBL1882060;Cc1c(NC(=O)C(C)OC(=O)c2cc(Cl)ccc2O)c(=O)n(-c2ccccc2)n1C
41,50943458;CHEMBL4757245;O=C(Nc1ccc(Cl)cc1)Nc1cccc(Nc2ccccc2)c1
40,0000006;CHEMBL1521787;Cc1c(NC(=O)C(C)c2ccc(CC(C)C)cc2)c(=O)n(-c2ccccc2)n1C
41,93548262;CHEMBL1346629;Cc1ccc(S(=O)(=O)NC(=O)Nc2c(C)n(C)n(-c3ccccc3)c2=O)cc1
54,38596606;CHEMBL211885;Cc1c(NC(=O)Nc2ccc(C(F)(F)F)cc2)c(=O)n(-c2ccccc2)n1C
55,3571403;CHEMBL377642;COc1ccc(NC(=O)Nc2c(C)n(C)n(-c3ccccc3)c2=O)cc1
40,625;CHEMBL1894398;Cc1noc(C(=O)Nc2c(C)n(C)n(-c3ccccc3)c2=O)c1Cl
41,26984179;CHEMBL1391308;Cc1c(NCc2cc(Cl)ccc2O)c(=O)n(-c2ccccc2)n1C
57,40740895;CHEMBL377969;Cc1c(NC(=O)Nc2ccc(Br)cc2)c(=O)n(-c2ccccc2)n1C
40,0000006;CHEMBL1553664;Cc1c(NC(=O)C(C)OC(=O)c2ncc(Cl)c(Cl)c2Cl)c(=O)n(-c2ccccc2)n1C
40,0000006;CHEMBL1602913;Cn1nccc1NC(=O)Nc1ccc(Cl)cc1
44,82758641;CHEMBL2133448;Cc1c(NC(=O)NCc2ccccc2)c(=O)n(-c2ccccc2)n1C
40,78947306;CHEMBL1572419;Cc1c(NC(=O)CSc2nnc(C(C)Oc3ccc(Cl)cc3)n2-c2ccccc2)c(=O)n(-c2ccccc2)n1C
51,66666508;CHEMBL1556097;CCCCc1ccc(NC(=O)Nc2c(C)n(C)n(-c3ccccc3)c2=O)cc1
50,84745884;CHEMBL212109;Cc1ccc(NC(=O)Nc2c(C)n(C)n(-c3ccccc3)c2=O)cc1F
47,54098356;CHEMBL1702358;COc1cc(NC(=O)Nc2c(C)n(C)n(-c3ccccc3)c2=O)cc(OC)c1OC
43,93939376;CHEMBL5012346;Cc1c(NC(=O)c2nn(-c3ccc(Cl)cc3)ccc2=O)c(=O)n(-c2ccccc2)n1C
40,0000006;CHEMBL4967835;Cc1c(NC(=O)N2CCCCC2)c(=O)n(-c2ccccc2)n1C
40,2777791;CHEMBL1556460;Cc1c(NC(=O)CSc2nc3cc(Cl)ccc3[nH]2)c(=O)n(-c2ccccc2)n1C
55,3571403;CHEMBL214216;CSc1ccc(NC(=O)Nc2c(C)n(C)n(-c3ccccc3)c2=O)cc1
44,99999881;CHEMBL2137742;COc1ccccc1NC(=O)Nc1c(C)n(C)n(-c2ccccc2)c1=O
41,37931168;CHEMBL3210284;CC(=O)/C=C(\C)Nc1c(C)n(C)n(-c2ccccc2)c1=O
53,44827771;CHEMBL1721783;Cc1c(NC(=O)Nc2ccc([N+](=O)[O-])cc2)c(=O)n(-c2ccccc2)n1C
41,37931168;CHEMBL1411733;Cc1ccc(C(=O)Nc2c(C)n(C)n(-c3ccccc3)c2=O)cc1
57,40740895;CHEMBL378707;Cc1c(NC(=O)Nc2ccc(F)cc2)c(=O)n(-c2ccccc2)n1C
47,45762646;CHEMBL558304;Cc1cc(NC(=O)Nc2ccc(Cl)cc2)c(=O)n(-c2ccccc2)n1
45,16128898;CHEMBL1353906;Cc1c(NC(=O)c2cc(C(C)C)on2)c(=O)n(-c2ccccc2)n1C
40,84506929;CHEMBL1542377;Cc1c(NC(=O)C2CCCCN2S(=O)(=O)c2ccc(Cl)cc2)c(=O)n(-c2ccccc2)n1C
46,55172527;CHEMBL1766272;O=C(Nc1ccc(Cl)cc1)Nc1nn(-c2ccccc2)c(=O)c2ccccc12
43,07692349;CHEMBL2003940;Cc1c(N/C=C(\C#N)C(=O)c2ccc(Cl)cc2)c(=O)n(-c2ccccc2)n1C
40,2777791;CHEMBL1095049;Cc1c(N/C(Nc2ccccc2)=C(\C#N)C(=O)Nc2ccc3c(c2)C(=O)c2ccccc2C3=O)c(=O)n(-c2ccccc2)n1C
40,0000006;CHEMBL101125;CC(C)CCN1C(=O)C(NC(=O)Nc2ccccc2)C(=O)N(c2ccccc2)c2ccc(Cl)cc21
40,0000006;CHEMBL103968;CC(C)CCN1C(=O)C(NC(=O)Nc2ccccc2)C(=O)N(c2ccccc2)c2cc(Cl)ccc21
47,61904776;CHEMBL211595;Cc1ccc(NC(=O)Nc2c(C(C)(C)C)n(C)n(-c3ccccc3)c2=O)cc1F
42,6666677;CHEMBL453385;Cc1c(NC(=O)CSc2nnc(NC(=S)Nc3ccc(Cl)cc3)s2)c(=O)n(-c2ccccc2)n1C
45,3125;CHEMBL1890914;Cc1c(NC(=O)C(C)Oc2cccc(Cl)c2)c(=O)n(-c2ccccc2)n1C
40,81632793;CHEMBL1299745;O=C(Nc1ccccc1)Nc1cc(Cl)cc(Cl)c1
45,76271176;CHEMBL1612630;Cc1cccc(NC(=O)Nc2c(C)n(C)n(-c3ccccc3)c2=O)c1C
48,38709533;CHEMBL209102;Cc1c(NC(=O)Nc2ccc3c(c2)OCO3)c(=O)n(-c2ccccc2)n1C
44,61538494;CHEMBL1506578;Cc1c(NC(=O)COC(=O)Cc2ccc(Cl)cc2)c(=O)n(-c2ccccc2)n1C
40,29850662;CHEMBL1709119;CC(=O)Nc1ccc(C(=O)OCC(=O)Nc2c(C)n(C)n(-c3ccccc3)c2=O)cc1
41,42857194;CHEMBL1431116;Cc1c(NC(=O)c2cc(-c3cc(Cl)ccc3O)[nH]n2)c(=O)n(-c2ccccc2)n1C
43,28358173;CHEMBL1397628;Cc1c(NC(=O)c2cc(=O)c3cc(Cl)ccc3o2)c(=O)n(-c2ccccc2)n1C
41,17647111;CHEMBL1724708;Cc1c(NC(=O)C(C)Oc2ccc(Br)cc2Cl)c(=O)n(-c2ccccc2)n1C
41,66666567;CHEMBL592341;O=C(Nc1ccc(Cl)cc1)Nc1cc(Cl)cc(Cl)c1
40,38461447;CHEMBL1688033;Cc1ccc(NC(=O)Nc2ccc(Cl)cc2)cc1Cl
40,67796469;CHEMBL1448827;Cc1c(NC(=O)c2c(F)c(F)c(F)c(F)c2F)c(=O)n(-c2ccccc2)n1C
41,50943458;CHEMBL1448153;O=C(Nc1ccc(Cl)cc1)Nc1ccccc1C(=O)O
41,79104567;CHEMBL1458677;Cc1c(NC(=O)CN2CCN(c3cccc(Cl)c3)CC2)c(=O)n(-c2ccccc2)n1C
42,85714328;CHEMBL1303473;Cc1c(NC(=O)c2cnc(Cl)c(Cl)c2)c(=O)n(-c2ccccc2)n1C
41,50943458;CHEMBL4070648;O=C(Nc1ccc(Cl)cc1)Nc1cccc(-c2ccccc2)c1
43,10344756;CHEMBL1556311;CC(=O)c1ccc(Nc2c(C)n(C)n(-c3ccccc3)c2=O)cc1
40,98360538;CHEMBL2262306;Cc1nc2ccccc2c(=O)n1NC(=O)Nc1ccc(Cl)cc1
40,67796469;CHEMBL1337291;Cc1c(NC(=O)N(C)c2ccccc2)c(=O)n(-c2ccccc2)n1C
52,72727013;CHEMBL378062;Cc1c(NC(=O)Nc2ccccc2Cl)c(=O)n(-c2ccccc2)n1C
42,85714328;CHEMBL1323808;Cc1c(NC(=O)N(C)C)c(=O)n(-c2ccccc2)n1C
42,62295067;CHEMBL1276343;Cc1c(N2C(=O)C(Cl)=C(Nc3ccc(Cl)cc3)C2=O)c(=O)n(-c2ccccc2)n1C
42,30769277;CHEMBL224626;O=C(Nc1ccc(Cl)cc1)NC(c1ccccc1)c1ccccc1
47,99999893;CHEMBL4576337;CC(C)c1c(N)c(=O)n(-c2ccccc2)n1C
40,0000006;CHEMBL1898613;Cc1c(NC(=O)C(C)Oc2ccccc2F)c(=O)n(-c2ccccc2)n1C
41,07142985;CHEMBL3753342;O=C(Nc1ccc(Cl)cc1)Nc1ccc(Nc2c3ccccc3nc3ccccc23)cc1
40,0000006;CHEMBL1528037;Cc1c(NC(=O)c2ccc(F)cc2)c(=O)n(-c2ccccc2)n1C
40,2777791;CHEMBL8997;CC(C)Oc1cccc(-n2c(NNC(=O)Nc3ccc(Cl)cc3)nc3ccccc3c2=O)c1
44,26229596;CHEMBL1409215;Cc1c(NC(=O)Nc2ccccc2C(F)(F)F)c(=O)n(-c2ccccc2)n1C
40,57970941;CHEMBL3185989;Cc1c(NC(=O)C(C)OC(=O)c2nc(Cl)ccc2Cl)c(=O)n(-c2ccccc2)n1C
41,17647111;CHEMBL1481168;Cc1c(NC(=O)NC(C)N2C(=O)C3C4C=CC(C4)C3C2=O)c(=O)n(-c2ccccc2)n1C
42,62295067;CHEMBL1351785;Cc1c(NC(=O)c2ccc(Cl)s2)c(=O)n(-c2ccccc2)n1C
40,0000006;CHEMBL1421137;Cc1cc(C)c(NC(=O)Nc2ccccc2)c(Cl)c1
41,93548262;CHEMBL2006135;COc1ccc(NC(=S)Nc2c(C)n(C)n(-c3ccccc3)c2=O)cc1
46,15384638;CHEMBL2271529;C[C@@H](NC(=O)Nc1ccc(Cl)cc1)c1ccccc1
40,98360538;CHEMBL1410087;Cc1c(NC(=S)NC(=O)C(C)(C)C)c(=O)n(-c2ccccc2)n1C
46,77419364;CHEMBL3212511;Cc1c(NC(=O)/C(O)=C/C(=O)c2ccc(Cl)cc2)c(=O)n(-c2ccccc2)n1C
46,03174627;CHEMBL1505236;Cc1c(NC(=O)Nc2cccc([N+](=O)[O-])c2)c(=O)n(-c2ccccc2)n1C
50,8771956;CHEMBL1416915;Cc1cccc(NC(=O)Nc2c(C)n(C)n(-c3ccccc3)c2=O)c1
40,0000006;CHEMBL1536642;Cc1c(NC(C)c2ccccc2O)c(=O)n(-c2ccccc2)n1C
58,18181634;CHEMBL1301202;Cc1c(NC(=O)Nc2ccc(Cl)c(Cl)c2)c(=O)n(-c2ccccc2)n1C
44,61538494;CHEMBL1521878;CCOC(=O)c1cccc(NC(=O)Nc2c(C)n(C)n(-c3ccccc3)c2=O)c1
40,625;CHEMBL1976162;Cc1c(NC(=S)Nc2ccc([N+](=O)[O-])cc2)c(=O)n(-c2ccccc2)n1C
47,54098356;CHEMBL4943858;Cc1c(NC(=O)c2ccccc2C(=O)c2ccc(Cl)cc2)c(=O)n(-c2ccccc2)n1C
40,7407403;CHEMBL1331865;CSc1ccccc1NC(=O)Nc1ccc(Cl)cc1
41,50943458;CHEMBL89843;CC(C)c1ccc(NC(=O)Nc2c(C(C)C)cccc2C(C)C)cc1
42,64705777;CHEMBL1539613;Cc1c(NC(=O)COC(=O)CCC(=O)c2ccc(Cl)cc2)c(=O)n(-c2ccccc2)n1C
40,0000006;CHEMBL1452594;Cc1c(NC(=O)C(C)OC(=O)Cc2ccccc2)c(=O)n(-c2ccccc2)n1C
44,82758641;CHEMBL3437899;Cc1c(NC(=O)C(C)N(C)C)c(=O)n(-c2ccccc2)n1C
55,3571403;CHEMBL378679;CCc1ccc(NC(=O)Nc2c(C)n(C)n(-c3ccccc3)c2=O)cc1
43,33333373;CHEMBL3109732;CC(C)(C)c1cc(NC(=O)Nc2ccc(Cl)cc2)n(-c2ccccc2)c1
49,15254116;CHEMBL2360860;CC(=O)c1cccc(NC(=O)Nc2c(C)n(C)n(-c3ccccc3)c2=O)c1
41,93548262;CHEMBL1483089;Cc1c(NC(=O)NC(=O)c2ccc(F)cc2)c(=O)n(-c2ccccc2)n1C
50;CHEMBL1735760;Cc1c(NC(=O)Nc2cccc(Cl)c2Cl)c(=O)n(-c2ccccc2)n1C
40,32258093;CHEMBL1538147;CC(=O)NC(Nc1c(C)n(C)n(-c2ccccc2)c1=O)C(Cl)(Cl)Cl
74,00000095;CHEMBL377169;CC(C)c1c(NC(=O)Nc2ccccc2Cl)c(=O)n(-c2ccccc2)n1C
43,18181872;CHEMBL3527390;O=C(Nc1ccc(Cl)cc1)Nc1ccc(Cl)cc1
46,15384638;CHEMBL1311044;CC(NC(=O)Nc1ccc(Cl)cc1)c1ccccc1
41,26984179;CHEMBL1577338;Cc1c(NC(=S)NC(=O)CC(C)C)c(=O)n(-c2ccccc2)n1C
41,17647111;CHEMBL28318;Cc1c(C(C)C)c(=O)n(-c2ccccc2)n1C
45,3125;CHEMBL1967774;Cc1c(/C=N/NC(=S)Nc2ccc(Cl)cc2)c(=O)n(-c2ccccc2)n1C
40,35087824;CHEMBL4462132;O=C(Nc1ccc(Cl)cc1)Nc1cccc(N2CCC2)c1
41,79104567;CHEMBL1866699;Cc1c(C(=O)Nc2c(C)n(C)n(-c3ccccc3)c2=O)oc2ccc(Cl)cc12
45,16128898;CHEMBL4943056;Cc1c(N[C@@H](C)c2cc(Cl)ccc2O)c(=O)n(-c2ccccc2)n1C
41,17647111;CHEMBL1940146;Cc1c(NCc2nnc(Nc3ccc(Cl)cc3)o2)c(=O)n(-c2ccccc2)n1C
56,66666627;CHEMBL211555;CC(C)c1c(NC(=O)Nc2ccc(C(F)(F)F)cc2)c(=O)n(-c2cncnc2)n1C
43,54838729;CHEMBL1400573;Cc1c(NC(=O)Nc2ccc(F)cc2F)c(=O)n(-c2ccccc2)n1C
40,90909064;CHEMBL434915;Cc1c(NS(=O)(=O)c2ccc(NC(=O)CCC(=O)O)cc2)c(=O)n(-c2ccccc2)n1C
55,3571403;CHEMBL1713772;Cc1c(NC(=O)Nc2ccc(C(C)(C)C)cc2)c(=O)n(-c2ccccc2)n1C
40,98360538;CHEMBL1385696;Cc1c(NC(=O)CN2C(=O)c3ccccc3C2=O)c(=O)n(-c2ccccc2)n1C
43,39622557;CHEMBL157337;Cc1c(NC(C)C)c(=O)n(-c2ccccc2)n1C
40,67796469;CHEMBL1438459;CCN(CC)C(=O)Nc1c(C)n(C)n(-c2ccccc2)c1=O
40,0000006;CHEMBL1327432;Cc1c(NC(=O)CN2C(=O)C(=O)N(Cc3ccccc3)C2=O)c(=O)n(-c2ccccc2)n1C
43,63636374;CHEMBL1432031;Cc1c(NC(=O)c2ccccc2)c(=O)n(-c2ccccc2)n1C
40,29850662;CHEMBL1570674;Cc1c(NC(=O)c2cc(CC(C)C)on2)c(=O)n(-c2ccccc2)n1C
46,03174627;CHEMBL4890068;Cc1c(N[C@@H](C)C(=O)Nc2ccc3ccccc3c2)c(=O)n(-c2ccccc2)n1C
45,61403394;CHEMBL1462839;Cc1c(NC(=O)CC(C)C)c(=O)n(-c2ccccc2)n1C
51,66666508;CHEMBL1329635;CCOC(=O)c1ccc(NC(=O)Nc2c(C)n(C)n(-c3ccccc3)c2=O)cc1
41,53846204;CHEMBL1439638;COc1ccc(OC)c(NC(=O)Nc2c(C)n(C)n(-c3ccccc3)c2=O)c1
45,61403394;CHEMBL1890147;Cc1c(NS(=O)(=O)c2ccc(Cl)cc2)c(=O)n(-c2ccccc2)n1C
40,625;CHEMBL1970680;Cc1c(/C=N/NC(=O)c2ccc(Cl)cc2)c(=O)n(-c2ccccc2)n1C
100;CHEMBL379761;CC(C)c1c(NC(=O)Nc2ccc(Cl)cc2)c(=O)n(-c2ccccc2)n1C
40,0000006;CHEMBL1707255;Cc1c(NC(=O)C(C)OC(=O)c2cccnc2Cl)c(=O)n(-c2ccccc2)n1C
40,32258093;CHEMBL1557331;Cc1c(NC(=O)C2CC=CCC2C(=O)O)c(=O)n(-c2ccccc2)n1C
46,77419364;CHEMBL3184035;Cc1c(NC(=O)Nc2cccc(C(F)(F)F)c2)c(=O)n(-c2ccccc2)n1C
41,07142985;CHEMBL5176594;Cc1c(NC(N)=S)c(=O)n(-c2ccccc2)n1C
73,46938848;CHEMBL210298;Cc1c(NC(=O)Nc2ccc(Cl)cc2)c(=O)n(-c2ccccc2)n1C
43,47825944;CHEMBL1513251;Cc1c(NC(=O)c2cccc(NC(=O)Cc3ccc(Cl)cc3)c2)c(=O)n(-c2ccccc2)n1C
48,48484993;CHEMBL210475;CC(C)c1c(NC(=O)Nc2ccc(C(F)(F)F)cc2)c(=O)n(C2=NCCS2)n1C
53,44827771;CHEMBL210526;Cc1cc(NC(=O)Nc2c(C)n(C)n(-c3ccccc3)c2=O)ccc1F
43,93939376;CHEMBL4961162;CCOC(=O)c1cc(NC(=O)Nc2c(C)n(C)n(-c3ccccc3)c2=O)cn1C
45,45454681;CHEMBL474722;Cc1c(C(=O)c2ccc(Cl)cc2)c(=O)n(-c2ccccc2)n1C
40,0000006;CHEMBL1519448;Cc1c(NC(=O)COC(=O)c2ccccc2Cl)c(=O)n(-c2ccccc2)n1C
40,0000006;CHEMBL1462181;Cc1c(NC(=O)C(C)OC(=O)c2ccc(Cl)nc2)c(=O)n(-c2ccccc2)n1C
69,23077106;CHEMBL377226;Cn1c(C(C)(C)C)c(NC(=O)Nc2ccc(Cl)cc2)c(=O)n1-c1ccccc1
50;CHEMBL4925812;Cc1c(NC(=O)Cc2ccc(Cl)cc2)c(=O)n(-c2ccccc2)n1C
45,0704217;CHEMBL524022;Cc1c(NC(=O)c2sc(=S)n(-c3ccccc3)c2NC(=S)Nc2ccc(Cl)cc2)c(=O)n(-c2ccccc2)n1C
70,68965435;CHEMBL210303;CC(C)c1c(NC(=O)Nc2ccc(Cl)cc2)c(=O)n(-c2cnc3ccccc3c2)n1C
40,0000006;CHEMBL1877894;Cc1c(NC(=O)c2ccccc2F)c(=O)n(-c2ccccc2)n1C
42,46575236;CHEMBL493639;Cc1c(NC(=O)c2sc(=S)n(-c3ccc(Cl)cc3)c2NC(=S)Nc2ccccc2)c(=O)n(-c2ccccc2)n1C
75;CHEMBL379853;CC(C)c1c(NC(=O)Nc2ccc(Cl)cc2)c(=O)n(-c2cncnc2)n1C
50;CHEMBL1543511;Cc1c(N=C2N=C(NC(=O)Nc3ccc(Cl)cc3)c3ccccc32)c(=O)n(-c2ccccc2)n1C
52,38095522;CHEMBL378064;CCn1c(C(C)C)c(NC(=O)Nc2ccc(C)c(F)c2)c(=O)n1-c1ccccc1
42,42424369;CHEMBL4921803;Cc1c(NC(=O)N[C@@H](C)c2cc3ccccc3o2)c(=O)n(-c2ccccc2)n1C
43,47825944;CHEMBL4954892;CCOC(=O)c1ccc(N[C@H](c2ccc(Cl)cc2)c2c(C)n(C)n(-c3ccccc3)c2=O)cc1
40,29850662;CHEMBL2386057;Cc1c(NC(=S)Nc2ccc(C(=O)NCC(=O)O)cc2)c(=O)n(-c2ccccc2)n1C
49,27536249;CHEMBL516300;Cc1c(NC(=O)c2sc(=S)n(-c3ccc(Cl)cc3)c2NC(=O)Nc2ccccc2)c(=O)n(-c2ccccc2)n1C
40,0000006;CHEMBL3339125;CC1CC1c1cc(NC(=O)Nc2ccc(Cl)cc2)n(-c2ccccc2)n1
54,71698046;CHEMBL1569641;Cc1c(NC(=O)Nc2c(Cl)cccc2Cl)c(=O)n(-c2ccccc2)n1C
69,23077106;CHEMBL209995;CCc1c(NC(=O)Nc2ccc(Cl)cc2)c(=O)n(-c2ccccc2)n1C
55,38461804;CHEMBL379762;CSc1ccc(NC(=O)Nc2c(C(C)C)n(C)n(-c3cnc4ccccc4c3)c2=O)cc1
40,0000006;CHEMBL4796333;O=C(Nc1ccc(Cl)cc1)Nc1ccc(OC(=O)c2ccccc2)cc1
54,54545617;CHEMBL380389;CC(C)c1c(NC(=O)Nc2ccc(C(F)(F)F)cc2)c(=O)n(-c2cnc3ccccc3c2)n1C
47,61904776;CHEMBL212113;CCc1c(NC(=O)Nc2ccc(C)c(F)c2)c(=O)n(-c2ccccc2)n1C
40,0000006;CHEMBL4965200;Cc1c(N[C@@H](C(N)=O)c2ccccc2)c(=O)n(-c2ccccc2)n1C
63,79310489;CHEMBL377130;CC(C)c1c(NC(=O)Nc2ccc(Cl)cc2)c(=O)n(C2=NCCS2)n1C
42,64705777;CHEMBL1405066;Cc1c(NC(=O)COC(=O)/C=C/c2ccc(Cl)cc2)c(=O)n(-c2ccccc2)n1C
41,17647111;CHEMBL1581405;Cc1c(NC(=O)C(C)OC(=O)c2cc(Cl)nc(Cl)c2)c(=O)n(-c2ccccc2)n1C
40,98360538;CHEMBL1271637;O=C(Nc1ccc(Cl)cc1)Nc1cccn(Cc2ccccc2Cl)c1=O
46,03174627;CHEMBL1389255;Cc1c(NC(=O)C2(c3ccc(Cl)cc3)CCCC2)c(=O)n(-c2ccccc2)n1C