ChEMBLID;Smiles;Standard_Value;pChEMBL_Value
CHEMBL552527;CSCC[C@H](NC(=O)[C@H](Cc1ccc(O)cc1)NC(=O)[C@H](CCCCN)NC(=O)[C@@H](N)Cc1c[nH]c2ccccc12)C(=O)N[C@H](C(=O)N[C@H](CCSC)C(N)=O)C(C)C;10;9
CHEMBL380389;CC(C)c1c(NC(=O)Nc2ccc(C(F)(F)F)cc2)c(=O)n(-c2cnc3ccccc3c2)n1C;440;7.356547324
CHEMBL379762;CSc1ccc(NC(=O)Nc2c(C(C)C)n(C)n(-c3cnc4ccccc4c3)c2=O)cc1;300;7.522878745
CHEMBL3728104;NC(=O)CCNC(=O)[C@H]1[C@H](C(=O)NCc2cnc(Br)s2)[C@@H]2C=C[C@H]1C21CC1;8840;6.053547735
CHEMBL3727646;CCN(CC)CCCCNC(=O)[C@H]1[C@H](C(=O)Nc2ncc(Br)s2)[C@@H]2C=C[C@H]1C21CC1;540;7.26760624
CHEMBL3728109;O=C(NCCF)[C@H]1[C@H](C(=O)Nc2ncc(Br)s2)[C@@H]2C=C[C@H]1C21CC1;3540;6.450996738
CHEMBL3590072;COc1ccc(NC(=O)N[C@H](Cc2c[nH]c3ccccc23)C(=O)NCC2(c3cccnc3)CCCCC2)cc1;;#NUM!
CHEMBL3590075;COc1ccc(NC(=O)N[C@@H](Cc2c[nH]c3ccccc23)C(=O)NCC2(c3ccc(F)cc3)CCCCC2)cc1;8600;6.065501549
CHEMBL379761;CC(C)c1c(NC(=O)Nc2ccc(Cl)cc2)c(=O)n(-c2ccccc2)n1C;440;7.356547324
CHEMBL3589946;COc1ccc(NC(=O)N[C@H](Cc2c[nH]c3ccccc23)C(=O)NCC2(c3ccc(OC)cn3)CCCCC2)cc1;8800;6.055517328
CHEMBL3730542;COc1ccc(CNC(=O)[C@H]2[C@H](C(=O)NCCCCN3CCCC3)[C@H]3C=C[C@@H]2C32CC2)c(OC)c1.O=CO;103000;4.987162775
CHEMBL3728133;COc1ccc(CNC(=O)[C@H]2[C@H](C(=O)NCCCCN3CCCC3)[C@H]3C=C[C@@H]2C32CC2)cc1Cl.O=CO;26200;5.581698709
CHEMBL3588871;COc1ccc(NC(=O)N[C@@H](Cc2c[nH]c3ccccc23)C(=O)NCC2(c3ccc(OC)cn3)CCCCC2)cc1;640;7.193820026
CHEMBL3590069;COc1ccc(NC(=O)N[C@@H](Cc2c[nH]c3ccccc23)C(=O)NCC2(c3ccccc3)CCCCC2)cc1;;#NUM!
CHEMBL3590075;COc1ccc(NC(=O)N[C@@H](Cc2c[nH]c3ccccc23)C(=O)NCC2(c3ccc(F)cc3)CCCCC2)cc1;11000;5.958607315
CHEMBL3589948;COc1ccc(NC(=O)N[C@H](Cc2c[nH]c3ccccc23)C(=O)NCC2(c3ccnc(F)c3)CCCCC2)cc1;;#NUM!
CHEMBL3590071;COc1ccc(NC(=O)N[C@@H](Cc2c[nH]c3ccccc23)C(=O)NCC2(c3cccnc3)CCCCC2)cc1;2700;6.568636236
CHEMBL3590074;COc1ccc(NC(=O)N[C@H](Cc2c[nH]c3ccccc23)C(=O)NCC2(c3ccccn3)CCCCC2)cc1;4900;6.30980392
CHEMBL3590206;CCOC(=O)C1CCCN(C(=O)[C@H](Cc2ccccc2)NC(=O)Nc2ccc(Br)cc2)C1;70;8.15490196
CHEMBL3588926;O=C(Nc1ccc(Br)cc1)N[C@@H](Cc1ccccc1)C(=O)N1CCCCC1;400;7.397940009
CHEMBL3729765;Cc1ccc(NC(=O)[C@H]2[C@H](C(=O)NCCC(N)=O)[C@H]3C=C[C@@H]2C32CC2)nc1;3300;6.48148606
CHEMBL3727408;O=C(NCCCCN1CCCC1)[C@H]1[C@H](C(=O)Nc2ccc(Cl)nc2)[C@@H]2C=C[C@H]1C21CC1;16;8.795880017
CHEMBL3729722;O=C(NCCCCN1CCCC1)[C@H]1[C@H](C(=O)NCc2ccc(Br)cc2)[C@@H]2C=C[C@H]1C21CC1;320;7.494850022
CHEMBL3733330;NC(=O)CCNC(=O)[C@H]1[C@H](C(=O)NCc2ccc(Br)cn2)[C@@H]2C=C[C@H]1C21CC1;2580;6.588380294
CHEMBL2391259;COc1cccc(Cc2cc(-c3ccccc3)nn(CC(=O)Nc3ccc4c(c3)OCO4)c2=O)c1;500000;4.301029996
CHEMBL3977012;CC(C)(O)c1coc(Cn2ncc(NC(=O)c3ncsc3-c3cccc(F)c3)n2)n1;823;7.084600165
CHEMBL3981821;Cc1nc(C(=O)Nc2cnn(Cc3nc(C(C)(C)O)co3)n2)c(-c2cccc(F)c2)o1;132;7.879426069
CHEMBL3728190;Cc1ccc(CNC(=O)[C@H]2[C@H](C(=O)NCCCCN3CCCC3)[C@H]3C=C[C@@H]2C32CC2)cc1;460;7.337242168
CHEMBL3728012;CCN1CCCC1CNC(=O)[C@H]1[C@H](C(=O)Nc2ccc(Br)cc2)[C@@H]2C=C[C@H]1C21CC1;160;7.795880017
CHEMBL3731396;COCCNC(=O)[C@H]1[C@H](C(=O)Nc2ccc(Br)cc2)[C@@H]2C=C[C@H]1C21CC1;50;8.301029996
CHEMBL3732493;CC(C)(C)OC(=O)NCCNC(=O)[C@H]1[C@H](C(=O)Nc2ccc(Br)cc2)[C@@H]2C=C[C@H]1C21CC1;42;8.37675071
CHEMBL3729752;O=C(NCC(F)(F)F)[C@H]1[C@H](C(=O)Nc2ccc(Br)cc2)[C@@H]2C=C[C@H]1C21CC1;24;8.619788758
CHEMBL3733084;O=C(NCC1CCCN1)[C@H]1[C@H](C(=O)Nc2ccc(Br)cc2)[C@@H]2C=C[C@H]1C21CC1;20;8.698970004
CHEMBL3731166;NCc1cccc(CNC(=O)[C@H]2[C@H](C(=O)Nc3ccc(Br)cc3)[C@@H]3C=C[C@H]2C32CC2)c1;6;9.259637311
CHEMBL3728165;COc1cc(F)c(CNC(=O)[C@H]2[C@H](C(=O)NCCCCN3CCCC3)[C@H]3C=C[C@@H]2C32CC2)c(F)c1.O=CO;9120;6.040005162
CHEMBL3730306;CC(C)(C)OC(=O)N1CCC(NC(=O)[C@H]2[C@H](C(=O)Nc3ccc(Br)cc3)[C@@H]3C=C[C@H]2C32CC2)CC1;2180;6.661543506
CHEMBL3730081;O=C(NCCCN1CCOCC1)[C@H]1[C@H](C(=O)Nc2ccc(Br)cc2)[C@@H]2C=C[C@H]1C21CC1;1560;6.806875402
CHEMBL3730424;NC(=O)CCNC(=O)[C@H]1[C@H](C(=O)NCc2ccc(Br)cc2)[C@@H]2C=C[C@H]1C21CC1;2400;6.619788758
CHEMBL560780;COc1cccc(Cc2cc(C)nn(CC(=O)Nc3ccc(I)cc3)c2=O)c1;18000;5.744727495
CHEMBL2391261;COc1ccc(Cc2cc(-c3cccs3)nn(CC(=O)Nc3ccc(Br)cc3)c2=O)cc1;500000;4.301029996
CHEMBL2391450;COc1cccc(C(=O)Nc2cc(C)nn(CC(=O)Nc3ccc(Br)cc3)c2=O)c1;28000;5.552841969
CHEMBL2391446;COc1cccc(C(=O)c2cc(C)nn(CC(=O)Nc3ccc(Br)cc3)c2=O)c1;10000;6
CHEMBL3590074;COc1ccc(NC(=O)N[C@H](Cc2c[nH]c3ccccc23)C(=O)NCC2(c3ccccn3)CCCCC2)cc1;6200;6.207608311
CHEMBL3590076;COc1ccc(NC(=O)N[C@H](Cc2c[nH]c3ccccc23)C(=O)NCC2(c3ccc(F)cc3)CCCCC2)cc1;;#NUM!
CHEMBL4165740;O=C(Nc1ccccc1)N[C@H](Cc1c[nH]c2ccccc12)C(=O)NCC1(c2ccccc2)CC1;;#NUM!
CHEMBL4454594;CCCCC(C(=O)Nc1ccc(Cl)cc1)n1nc(C)cc(Cc2ccccc2OC)c1=O;513;7.289967301
CHEMBL4176353;O=C(Nc1ccccc1)N[C@@H](Cc1c[nH]c2ccccc12)C(=O)NCC1(c2ccccc2)CC1;67000;5.173925197
CHEMBL212109;Cc1ccc(NC(=O)Nc2c(C)n(C)n(-c3ccccc3)c2=O)cc1F;9800;6.008773924
CHEMBL378062;Cc1c(NC(=O)Nc2ccccc2Cl)c(=O)n(-c2ccccc2)n1C;100000;5
CHEMBL214216;CSc1ccc(NC(=O)Nc2c(C)n(C)n(-c3ccccc3)c2=O)cc1;1700;6.769551079
CHEMBL2391254;COc1cccc(Cc2ccnn(CC(=O)Nc3ccc(Br)cc3)c2=O)c1;77000;5.113509275
CHEMBL377163;CSc1ccc(NC(=O)Nc2c(C(C)C)n(C)n(C3=NCCS3)c2=O)cc1;51300;5.289882635
CHEMBL377226;Cn1c(C(C)(C)C)c(NC(=O)Nc2ccc(Cl)cc2)c(=O)n1-c1ccccc1;230;7.638272164
CHEMBL377969;Cc1c(NC(=O)Nc2ccc(Br)cc2)c(=O)n(-c2ccccc2)n1C;900;7.045757491
CHEMBL2391441;Cc1cc(Cc2ccc(C#N)cc2)c(=O)n(CC(=O)Nc2ccc(Br)cc2)n1;500000;4.301029996
CHEMBL2391268;COc1cccc(Cc2cc(-c3ccc(Cl)cc3)nn(CC(=O)Nc3ccc4c(c3)OCO4)c2=O)c1;500000;4.301029996
CHEMBL2391263;COc1cccc(Cc2cc(-c3cccs3)nn(CC(=O)Nc3ccc(F)cc3)c2=O)c1;500000;4.301029996
CHEMBL2391257;COc1cccc(Cc2cc(C3CCCCC3)nn(CC(=O)Nc3ccc(Br)cc3)c2=O)c1;500000;4.301029996
CHEMBL2391443;Cc1cc(Cc2cccc(Cl)c2)c(=O)n(CC(=O)Nc2ccc(I)cc2)n1;169000;4.772113295
CHEMBL3733191;O=C(NCCCCN1CCCC1)[C@H]1[C@H](C(=O)NCCc2ccc(Br)cc2)[C@@H]2C=C[C@H]1C21CC1.O=CO;88100;5.055024092
CHEMBL3729576;Cc1ccc(F)c(CNC(=O)[C@H]2[C@H](C(=O)NCCCCN3CCCC3)[C@H]3C=C[C@@H]2C32CC2)c1Cl;250000;4.602059991
CHEMBL3729480;O=C(NCCCCN1CCCC1)[C@H]1[C@H](C(=O)Nc2nc(C(F)(F)F)cs2)[C@@H]2C=C[C@H]1C21CC1;250000;4.602059991
CHEMBL3728511;CC(C)(C)C1CCC(NC(=O)[C@H]2[C@H](C(=O)NCCCCN3CCCC3)[C@H]3C=C[C@@H]2C32CC2)CC1;23900;5.621602099
CHEMBL3729885;NCCCCCNC(=O)[C@H]1[C@H](C(=O)NCc2ccc(Br)cc2F)[C@@H]2CC[C@H]1C21CC1;220;7.657577319
CHEMBL3732223;O=C(NCC1CCNCC1)[C@H]1[C@H](C(=O)NCc2ccc(Br)cc2)[C@@H]2C=C[C@H]1C21CC1;540;7.26760624
CHEMBL3729617;CC(C)(CN)CNC(=O)[C@H]1[C@H](C(=O)Nc2ncc(Br)s2)[C@@H]2C=C[C@H]1C21CC1;120;7.920818754
CHEMBL3729299;O=C(NCCCCN1CCC(F)(F)C1)[C@H]1[C@H](C(=O)Nc2ccc(Br)cc2)[C@@H]2C=C[C@H]1C21CC1.O=CO;44;8.356547324
CHEMBL3731316;O=C(NCCCCN1CCCC1)[C@H]1[C@H](C(=O)NCCc2cc(F)c(Br)c(F)c2)[C@@H]2C=C[C@H]1C21CC1;11900;5.924453039
CHEMBL3590071;COc1ccc(NC(=O)N[C@@H](Cc2c[nH]c3ccccc23)C(=O)NCC2(c3cccnc3)CCCCC2)cc1;18000;5.744727495
CHEMBL3588871;COc1ccc(NC(=O)N[C@@H](Cc2c[nH]c3ccccc23)C(=O)NCC2(c3ccc(OC)cn3)CCCCC2)cc1;960;7.017728767
CHEMBL3590073;COc1ccc(NC(=O)N[C@@H](Cc2c[nH]c3ccccc23)C(=O)NCC2(c3ccccn3)CCCCC2)cc1;4500;6.346787486
CHEMBL550710;COc1cccc(Cc2cc(C)nn(CC(=O)Nc3ccc(C(C)(C)C)cc3)c2=O)c1;;#NUM!
CHEMBL564194;COc1cccc(Cc2cc(C)nn(CC(=O)Nc3ccc(C#N)cc3)c2=O)c1;;#NUM!
CHEMBL3731870;CC1(C(=O)NC[C@H]2[C@H](C(=O)Nc3ccc(Br)cc3)[C@@H]3C=C[C@H]2C32CC2)CC1(Cl)Cl;870;7.060480747
CHEMBL3728947;CN(C)C(=O)CCC(=O)NC[C@H]1[C@H](C(=O)Nc2ccc(Br)cc2)[C@@H]2C=C[C@H]1C21CC1;800;7.096910013
CHEMBL3731223;O=C(Cc1ccccc1Cl)NC[C@H]1[C@H](C(=O)Nc2ccc(Br)cc2)[C@@H]2C=C[C@H]1C21CC1;610;7.214670165
CHEMBL3732051;CCC(CC)CNC(=O)[C@H]1[C@H](C(=O)NCCCCN2CCCC2)[C@H]2C=C[C@@H]1C21CC1;80900;5.092051478
CHEMBL3727528;CC(=O)CCCNC(=O)[C@H]1[C@H](C(=O)NCCCCN2CCCC2)[C@H]2C=C[C@@H]1C21CC1;7480;6.126098402
CHEMBL3732799;Cc1nc2ccc(NC(=O)[C@H]3[C@H](C(=O)NCCCCN4CCCC4)[C@H]4C=C[C@@H]3C43CC3)cc2s1;5700;6.244125144
CHEMBL3729208;O=C(NCCCCN1CCCC1)[C@H]1[C@H](C(=O)Nc2ccc(OC(F)(F)F)cc2)[C@@H]2C=C[C@H]1C21CC1;2630;6.580044252
CHEMBL3727914;O=C(NCCCCN1CCCC1)[C@H]1[C@H](C(=O)Nc2ncc([N+](=O)[O-])s2)[C@@H]2C=C[C@H]1C21CC1;1200;6.920818754
CHEMBL3732371;O=C(N[C@H]1CC[C@H](CN2CCCC2)CC1)[C@H]1[C@H](C(=O)Nc2ccc(Br)cc2)[C@@H]2C=C[C@H]1C21CC1;2080;6.681936665
CHEMBL3730217;O=C(NCCCCN1CCCCC1)[C@H]1[C@H](C(=O)Nc2ccc(Br)cc2)[C@@H]2C=C[C@H]1C21CC1;1;10.15490196
CHEMBL3729027;COc1ccc(CNC(=O)[C@H]2[C@H](C(=O)NCCCCN3CCCC3)[C@H]3C=C[C@@H]2C32CC2)cc1F.O=CO;3890;6.410050399
CHEMBL3915698;Cc1cccc(-c2oc(C)nc2C(=O)Nc2cnn(Cc3nc(C4(O)CC4)co3)n2)c1;76;8.119186408
CHEMBL3984386;CC(C)(O)c1coc(Cn2ncc(NC(=O)c3ncoc3-c3ccccc3)n2)n1;80;8.096910013
CHEMBL3959136;CC(C)(O)c1coc(Cn2ncc(NC(=O)c3ncoc3-c3ccc(F)cc3)n2)n1;510;7.292429824
CHEMBL3588922;CCC[C@H]1CNC(=O)C(=O)N1C[C@@H]1CCCN1C[C@@H](Cc1ccc2ccccc2c1)N1C[C@@H](Cc2ccc(O)cc2)N(CC2CCCCC2)C(=O)C1=O;1400;6.853871964
CHEMBL3732252;O=C(NCCCCN1CCCC1)[C@H]1[C@H](C(=O)NCc2cccc(Cl)c2F)[C@@H]2C=C[C@H]1C21CC1;47200;5.326058001
CHEMBL3733130;O=C(NCC1CCNCC1)[C@H]1[C@H](C(=O)Nc2ncc(Br)s2)[C@@H]2CC[C@H]1C21CC1;73;8.13667714
CHEMBL3732094;O=C(NC1CCNCC1)[C@H]1[C@H](C(=O)Nc2ncc(Br)s2)[C@@H]2CC[C@H]1C21CC1;240;7.619788758
CHEMBL3727924;NCC1CCN(C(=O)[C@H]2[C@H](C(=O)Nc3ncc(Br)s3)[C@@H]3C=C[C@H]2C32CC2)CC1;190;7.721246399
CHEMBL3728546;O=C(NC1CCNCC1)[C@H]1[C@H](C(=O)NCc2ccc(Br)cc2)[C@@H]2C=C[C@H]1C21CC1;230;7.638272164
CHEMBL3731889;O=C(NCCCCN1CCCC1)[C@H]1[C@H](C(=O)Nc2ccc(Br)cc2F)[C@@H]2C=C[C@H]1C21CC1;13;8.886056648
CHEMBL3730330;O=C(NCCCCN1CCCC1)[C@H]1[C@H](C(=O)NCc2ccc(Br)nc2)[C@@H]2CC[C@H]1C21CC1;13;8.886056648
CHEMBL3728337;CC(=O)c1csc(CNC(=O)[C@H]2[C@H](C(=O)NCCCN3CCN(C)CC3)[C@H]3C=C[C@@H]2C32CC2)n1;4770;6.321481621
CHEMBL3731851;O=C(N[C@H]1CC[C@H](CO)CC1)[C@H]1[C@H](C(=O)Nc2ncc(Br)s2)[C@@H]2CC[C@H]1C21CC1;8550;6.068033885
CHEMBL450023;Cc1ccc(NC(=O)Nc2c(C)n(C)n(-c3ccccc3)c2=O)cc1;12600;5.899629455
CHEMBL556625;COc1cccc(Cc2cc(C)nn(CC(=O)Nc3ccc(Cl)cc3)c2=O)c1;16000;5.795880017
CHEMBL551589;COc1cccc(Cc2cc(C)nn(CC(=O)Nc3ccc(Br)cc3)c2=O)c1;38000;5.420216403
CHEMBL551589;COc1cccc(Cc2cc(C)nn(CC(=O)Nc3ccc(Br)cc3)c2=O)c1;21000;5.677780705
CHEMBL551590;COc1cccc(Cc2cc(C)nn(CCC(=O)Nc3ccc(Br)cc3)c2=O)c1;118000;4.928117993
CHEMBL562626;COc1cccc(Cc2cc(C)nn(CCNc3ccc(Br)cc3)c2=O)c1;;#NUM!
CHEMBL551391;COc1cccc(Cn2nc(C)cc(C(=O)Nc3ccc(Br)cc3)c2=O)c1;;#NUM!
CHEMBL562924;COc1cccc(Cc2cc(C)nn(CC(=O)Nc3ccc(OC(F)(F)F)cc3)c2=O)c1;;#NUM!
CHEMBL551660;COc1cccc(Cc2cc(C)nn(CC(=O)NCc3ccc(Br)cc3)c2=O)c1;;#NUM!
CHEMBL557102;COc1cccc(Cc2cc(C)nn(CC(=O)N3CCN(C)CC3)c2=O)c1;;#NUM!
CHEMBL562910;COc1ccc(NC(=O)Cn2nc(C)cc(Cc3cccc(OC)c3)c2=O)cc1;11000;5.958607315
CHEMBL4174852;O=C(Nc1ccc(F)cc1)N[C@H](Cc1c[nH]c2ccccc12)C(=O)NCC1(c2ccccc2)CC1;;#NUM!
CHEMBL4162715;N#Cc1ccc(C[C@H](NC(=O)Nc2ccc(F)cc2)C(=O)NCC2(c3ccc(OC(F)(F)F)cc3)CC2)cc1;;#NUM!
CHEMBL3588871;COc1ccc(NC(=O)N[C@@H](Cc2c[nH]c3ccccc23)C(=O)NCC2(c3ccc(OC)cn3)CCCCC2)cc1;1900;6.721246399
CHEMBL3733012;CCOCCCNC(=O)[C@H]1[C@H](C(=O)Nc2ccc(Br)cc2)[C@@H]2C=C[C@H]1C21CC1;18;8.744727495
CHEMBL3588923;CCOC(=O)C1CCN(C(=O)[C@H](Cc2c[nH]c3ccccc23)NC(=O)Nc2ccc(Br)cc2)CC1;1300;6.886056648
CHEMBL1289381;COc1ccc(CCNC(=O)Nc2ccc(Br)cc2)cc1;1000;7
CHEMBL3729460;O=C(NCCCCCN1CCCC1)[C@H]1[C@H](C(=O)Nc2ccc(Br)cc2)[C@@H]2C=C[C@H]1C21CC1;7;9.180456064
CHEMBL3727840;CN(C)C(=O)CCNC(=O)[C@H]1[C@H](C(=O)Nc2ccc(Br)cc2)[C@@H]2C=C[C@H]1C21CC1;34;8.468521083
CHEMBL3733163;NCCCCCNC(=O)[C@H]1[C@H](C(=O)NCc2ccc(Br)cc2F)[C@@H]2C=C[C@H]1C21CC1;550;7.259637311
CHEMBL3976318;Cc1cccc(-c2oc(C)nc2C(=O)Nc2cnn(Cc3nc(C(C)(C)O)co3)n2)c1;118;7.928117993
CHEMBL3590070;COc1ccc(NC(=O)N[C@H](Cc2c[nH]c3ccccc23)C(=O)NCC2(c3ccccc3)CCCCC2)cc1;2600;6.585026652
CHEMBL3730523;O=C(NCCCCN1CCCC1)[C@H]1[C@H](C(=O)NCc2cc(C(F)(F)F)ccc2Cl)[C@@H]2C=C[C@H]1C21CC1;99700;5.001304842
CHEMBL3729706;O=C(NCCCCN1CCCC1)[C@H]1[C@H](C(=O)NCc2cccc(OC(F)F)c2)[C@@H]2C=C[C@H]1C21CC1;87000;5.060480747
CHEMBL3730955;O=C(NCCCCN1CCCC1)[C@H]1[C@H](C(=O)NCc2cc(F)c(Br)c(F)c2)[C@@H]2C=C[C@H]1C21CC1;460;7.337242168
CHEMBL3729916;CNCCNC(=O)[C@H]1[C@H](C(=O)NCc2ccc(Br)cc2)[C@@H]2C=C[C@H]1C21CC1;3500;6.455931956
CHEMBL3729082;O=C(NCCCCN1CCCC1)[C@H]1[C@H](C(=O)NCc2ccc(Br)cc2F)[C@@H]2C=C[C@H]1C21CC1;130;7.886056648
CHEMBL3730255;CC(=O)c1csc(CNC(=O)[C@H]2[C@H](C(=O)NCCN3CCNC3=O)[C@H]3C=C[C@@H]2C32CC2)n1;820;7.086186148
CHEMBL3729012;NC[C@H]1CC[C@@H](NC(=O)[C@H]2[C@H](C(=O)Nc3ccc(Br)cc3)[C@@H]3C=C[C@H]2C32CC2)CC1;1;9.886056648
CHEMBL2391276;COc1ccc(Cc2cc(Cc3ccccc3)nn(CC(=O)Nc3ccc(Br)cc3)c2=O)cc1;500000;4.301029996
CHEMBL3728237;COc1ccc(NC(=O)[C@H]2[C@H](C(=O)NCCCCN3CCCC3)[C@H]3C=C[C@@H]2C32CC2)cn1.Cl;6730;6.171984936
CHEMBL3728007;NC(=O)C1CCCCC1NC(=O)[C@H]1[C@H](C(=O)Nc2ccc(Br)cc2)[C@@H]2C=C[C@H]1C21CC1;1000;7
CHEMBL3727620;CC(=O)c1ccc(CNC(=O)[C@H]2[C@H](C(=O)NCCCCN3CCCC3)[C@H]3CC[C@@H]2C32CC2)o1;210;7.677780705
CHEMBL3729225;CC(=O)c1ccc(CNC(=O)[C@H]2[C@H](C(=O)NCCCCN3CCCC3)[C@H]3C=C[C@@H]2C32CC2)s1;2230;6.651695137
CHEMBL3727442;N#CCNC(=O)[C@H]1[C@H](C(=O)Nc2ccc(Br)cc2)[C@@H]2C=C[C@H]1C21CC1;67;8.173925197
CHEMBL3730502;CNCCNC(=O)[C@H]1[C@H](C(=O)Nc2ccc(Br)cc2)[C@@H]2C=C[C@H]1C21CC1;28;8.552841969
CHEMBL3728769;O=C(NCCCCN1CCCC1)[C@H]1[C@H](C(=O)Nc2ccc(Br)cc2)[C@@H]2C=C[C@H]1C21CC1;1;10
CHEMBL3730283;CC(C)C[C@@H](CO)NC(=O)[C@H]1[C@H](C(=O)Nc2ccc(Br)cc2)[C@@H]2C=C[C@H]1C21CC1;210;7.677780705
CHEMBL3728852;CC(C)CCNC(=O)[C@H]1[C@H](C(=O)Nc2ccc(Br)cc2)[C@@H]2C=C[C@H]1C21CC1;200;7.698970004
CHEMBL3727544;O=C(NCc1ccoc1)[C@H]1[C@H](C(=O)Nc2ccc(Br)cc2)[C@@H]2C=C[C@H]1C21CC1;130;7.886056648
CHEMBL3727798;O=C(NCCCn1cccn1)[C@H]1[C@H](C(=O)Nc2ccc(Br)cc2)[C@@H]2C=C[C@H]1C21CC1;71;8.148741651
CHEMBL3732803;O=C(NCCCc1nc2ccccc2[nH]1)[C@H]1[C@H](C(=O)Nc2ccc(Br)cc2)[C@@H]2C=C[C@H]1C21CC1;54;8.26760624
CHEMBL3732049;CCN(CC)CCCC(C)NC(=O)[C@H]1[C@H](C(=O)Nc2ccc(Br)cc2)[C@@H]2C=C[C@H]1C21CC1;39;8.408935393
CHEMBL3590075;COc1ccc(NC(=O)N[C@@H](Cc2c[nH]c3ccccc23)C(=O)NCC2(c3ccc(F)cc3)CCCCC2)cc1;;#NUM!
CHEMBL3731264;CC(=O)c1csc(CNC(=O)[C@H]2[C@H](C(=O)NCCCCN3CCCC3)[C@H]3C=C[C@@H]2C32CC2)n1;1400;6.853871964
CHEMBL3728119;COc1c(F)cc(CNC(=O)[C@H]2[C@H](C(=O)NCCCCN3CCCC3)[C@H]3C=C[C@@H]2C32CC2)cc1F.O=CO;1190;6.924453039
CHEMBL3732041;COCCC(=O)NC[C@H]1[C@H](C(=O)Nc2ccc(Br)cc2)[C@@H]2C=C[C@H]1C21CC1;720;7.142667504
CHEMBL3729471;O=C(NC[C@H]1[C@H](C(=O)Nc2ccc(Br)cc2)[C@@H]2C=C[C@H]1C21CC1)c1cnoc1-c1ccccc1;370;7.431798276
CHEMBL3732432;Cc1ccc(NC(=O)[C@H]2[C@H](C(=O)NCCCCN3CCCC3)[C@H]3C=C[C@@H]2C32CC2)nc1;950;7.022276395
CHEMBL3732081;CN(C)CCCCCNC(=O)[C@H]1[C@H](C(=O)Nc2ccc(Br)cc2)[C@@H]2CC[C@H]1C21CC1;7;9.15490196
CHEMBL3731739;O=C(NCCCn1ccnc1)[C@H]1[C@H](C(=O)Nc2ccc(Br)cc2)[C@@H]2CC[C@H]1C21CC1;41;8.387216143
CHEMBL3733039;Cc1onc(-c2ccccc2)c1CNC(=O)[C@H]1[C@H](C(=O)Nc2ccc(Br)cc2)[C@@H]2C=C[C@H]1C21CC1;8120;6.090443971
CHEMBL3728252;CC(C)(C)OC(=O)NCc1ccc(CNC(=O)[C@H]2[C@H](C(=O)Nc3ccc(Br)cc3)[C@@H]3C=C[C@H]2C32CC2)cc1;3910;6.407823243
CHEMBL3729032;CNC(=O)[C@H](NC(=O)[C@H]1[C@H](C(=O)Nc2ccc(Br)cc2)[C@@H]2C=C[C@H]1C21CC1)C(C)(C)C;3730;6.428291168
CHEMBL3728553;NC(=O)[C@H](Cc1ccccc1)NC(=O)[C@H]1[C@H](C(=O)Nc2ccc(Br)cc2)[C@@H]2C=C[C@H]1C21CC1;2230;6.651695137
CHEMBL3729626;CCCCCCN(C)C(=O)[C@H]1[C@H](C(=O)Nc2ccc(Br)cc2)[C@@H]2C=C[C@H]1C21CC1;1330;6.876148359
CHEMBL3729543;CCCCNC(=O)[C@H]1[C@H](C(=O)Nc2ccc(Br)cc2)[C@@H]2C=C[C@H]1C21CC1;720;7.142667504
CHEMBL3730609;O=C(NC1CC1)[C@H]1[C@H](C(=O)Nc2ccc(Br)cc2)[C@@H]2C=C[C@H]1C21CC1;630;7.200659451
CHEMBL3729807;O=C(Nc1ccnn1-c1ccccc1)[C@H]1[C@H](C(=O)Nc2ccc(Br)cc2)[C@@H]2C=C[C@H]1C21CC1;700;7.15490196
CHEMBL3727426;COCCN(CCOC)C(=O)[C@H]1[C@H](C(=O)Nc2ccc(Br)cc2)[C@@H]2C=C[C@H]1C21CC1;240;7.619788758
CHEMBL3730881;CCn1nc(CCNC(=O)[C@H]2[C@H](C(=O)Nc3ccc(Br)cc3)[C@@H]3C=C[C@H]2C32CC2)cc1C;240;7.619788758
CHEMBL3732253;O=C(NCCCn1ccnc1)[C@H]1[C@H](C(=O)Nc2ccc(Br)cc2)[C@@H]2C=C[C@H]1C21CC1;90;8.045757491
CHEMBL3729293;CCN(CC)CCN(CC)C(=O)[C@H]1[C@H](C(=O)Nc2ccc(Br)cc2)[C@@H]2C=C[C@H]1C21CC1;76;8.119186408
CHEMBL3730279;CCSCCNC(=O)[C@H]1[C@H](C(=O)Nc2ccc(Br)cc2)[C@@H]2C=C[C@H]1C21CC1;37;8.431798276
CHEMBL3729500;O=C(NC1CCCC1)[C@H]1[C@H](C(=O)Nc2ccc(Br)cc2)[C@@H]2C=C[C@H]1C21CC1;13;8.886056648
CHEMBL3730671;O=C(NCCCN1CCCC1)[C@H]1[C@H](C(=O)NCc2ccc(Br)cc2)[C@@H]2C=C[C@H]1C21CC1;490;7.30980392
CHEMBL3730474;O=C(NC[C@H]1[C@H](C(=O)Nc2ccc(Br)cc2)[C@@H]2C=C[C@H]1C21CC1)c1ccnn1-c1ccccc1;1120;6.950781977
CHEMBL3733047;CCCCC(=O)NC[C@H]1[C@H](C(=O)Nc2ccc(Br)cc2)[C@@H]2C=C[C@H]1C21CC1;1030;6.987162775
CHEMBL3729633;O=C(NCCCCN1CCCC1)[C@H]1[C@H](C(=O)NCc2cccc(Br)c2)[C@@H]2C=C[C@H]1C21CC1;20600;5.68613278
CHEMBL3729966;O=C(NCCCCN1CCCC1)[C@H]1[C@H](C(=O)Nc2ncc(Cl)s2)[C@@H]2C=C[C@H]1C21CC1;1210;6.91721463
CHEMBL3728342;CC1CCC(NC(=O)[C@H]2[C@H](C(=O)NCCCCN3CCCC3)[C@H]3C=C[C@@H]2C32CC2)CC1;710;7.148741651
CHEMBL3727655;CC(C)(C)OC(=O)N1CCCC(CCNC(=O)[C@H]2[C@H](C(=O)Nc3ccc(Br)cc3)[C@@H]3C=C[C@H]2C32CC2)C1;5520;6.258060922
CHEMBL3729343;CN1CCC(NC(=O)[C@H]2[C@H](C(=O)Nc3ccc(Br)cc3)[C@@H]3C=C[C@H]2C32CC2)CC1;1470;6.832682665
CHEMBL3732895;COC(=O)CCNC(=O)[C@H]1[C@H](C(=O)Nc2ccc(Br)cc2)[C@@H]2C=C[C@H]1C21CC1;220;7.657577319
CHEMBL3728062;CC(C)(C)OC(=O)N1CCCC(NC(=O)[C@H]2[C@H](C(=O)Nc3ccc(Br)cc3)[C@@H]3C=C[C@H]2C32CC2)C1;180;7.744727495
CHEMBL3730991;CN(C)CCCCCNC(=O)[C@H]1[C@H](C(=O)Nc2ccc(Br)cc2)[C@@H]2C=C[C@H]1C21CC1;82;8.086186148
CHEMBL3730902;CN(CCNC(=O)[C@H]1[C@H](C(=O)Nc2ccc(Br)cc2)[C@@H]2C=C[C@H]1C21CC1)C(=O)OC(C)(C)C;120;7.920818754
CHEMBL3731311;CC(C)(C)OC(=O)NCCCCNC(=O)[C@H]1[C@H](C(=O)Nc2ccc(Br)cc2)[C@@H]2C=C[C@H]1C21CC1;110;7.958607315
CHEMBL3729352;CN1CCN(CCCNC(=O)[C@H]2[C@H](C(=O)Nc3ccc(Br)cc3)[C@@H]3C=C[C@H]2C32CC2)CC1;95;8.022276395
CHEMBL3731406;O=C(NCCCCO)[C@H]1[C@H](C(=O)Nc2ccc(Br)cc2)[C@@H]2C=C[C@H]1C21CC1;96;8.017728767
CHEMBL3981311;Cc1nc(C(=O)Nc2cnn(Cc3nc(C(C)(C)O)co3)n2)c(-c2cccc(Cl)c2)o1;101;7.995678626
CHEMBL2391267;COc1ccc(Cc2cc(-c3ccc(Cl)cc3)nn(CC(=O)Nc3ccc(Br)cc3)c2=O)cc1;500000;4.301029996
CHEMBL2391262;COc1cccc(Cc2cc(-c3cccs3)nn(CC(=O)Nc3ccc4c(c3)OCO4)c2=O)c1;500000;4.301029996
CHEMBL3983228;COc1cccc(-c2ocnc2C(=O)Nc2cnn(Cc3nc(C(C)(C)O)co3)n2)c1;172;7.764471553
CHEMBL3731370;NS(=O)(=O)c1ccc(CCNC(=O)[C@H]2[C@H](C(=O)NCCc3ccc(Cl)cc3)[C@@H]3C=C[C@H]2C32CC2)cc1;250000;4.602059991
CHEMBL4765025;COc1ccc(CC(NC(=O)Nc2ccc(Cl)cc2)C(=O)O)cc1;310;7.508638306
CHEMBL4778312;COc1ccc([C@@H]2NC(=O)[C@@H]2NC(=O)Nc2ccc(Cl)cc2)cc1;120;7.920818754
CHEMBL4783963;CCc1cc(F)c([C@@H]2CNC(=O)[C@H]2NC(=O)Nc2ccc(F)cc2)c(F)c1;58;8.236572006
CHEMBL4761554;COc1cc(F)c([C@@H]2CNC(=O)[C@H]2NC(=O)Nc2ccc(Br)cc2)c(F)c1;2;9.721246399
CHEMBL4755590;COc1cc(F)c([C@@H]2CNC(=O)[C@H]2NC(=O)Nc2ccc(F)c(O)c2)c(F)c1;1;10.06048075
CHEMBL4760897;COc1cc(F)c([C@@H]2CNC(=O)[C@H]2NC(=O)Nc2ccc(Cl)s2)c(F)c1;3;9.537602002
CHEMBL4778725;COc1cc(F)c([C@@H]2CNC(=O)[C@H]2NC(=O)Nc2cc(C)ns2)c(F)c1;3;9.494850022
CHEMBL4536334;CCCCC(C(=O)Nc1ccc(Cl)cc1)n1nc(C)cc(Cc2cccc(OC)c2OC)c1=O;617;7.20999648
CHEMBL379761;CC(C)c1c(NC(=O)Nc2ccc(Cl)cc2)c(=O)n(-c2ccccc2)n1C;407;7.389978975
CHEMBL2391448;Cc1cc(N)c(=O)n(CC(=O)Nc2ccc(Br)cc2)n1;294000;4.53165267
CHEMBL2391440;Cc1cc(Cc2ccc(C(N)=O)cc2)c(=O)n(CC(=O)Nc2ccc(Br)cc2)n1;272000;4.565431096
CHEMBL250143;COc1ccc2[nH]c(C(=O)N3CCC(n4cnc5ccccc54)CC3)cc2c1;51000;5.292429824
CHEMBL377169;CC(C)c1c(NC(=O)Nc2ccccc2Cl)c(=O)n(-c2ccccc2)n1C;100000;5
CHEMBL249742;CCc1ccc2[nH]c(C(=O)N3CC[C@@H](n4c(CC)nc5ccccc54)C3)cc2c1;2700;6.568636236
CHEMBL400089;COc1ccc2[nH]c(C(=O)N3CCC(n4c(CC(C)C)nc5ccccc54)CC3)cc2c1;8300;6.080921908
CHEMBL250347;CCc1nc2ccccc2n1C1CCN(C(=O)c2cc3cc(OC)ccc3[nH]2)CC1;6900;6.161150909
CHEMBL562379;CCCCOc1ccc(NC(=O)Cn2nc(C)cc(Cc3ccc(Cl)cc3)c2=O)cc1;;#NUM!
CHEMBL551590;COc1cccc(Cc2cc(C)nn(CCC(=O)Nc3ccc(Br)cc3)c2=O)c1;118000;4.928117993
CHEMBL552396;COc1cccc(Cc2cc(C)nn(CC(=O)Nc3ccc(F)cc3)c2=O)c1;82000;5.086186148
CHEMBL551589;COc1cccc(Cc2cc(C)nn(CC(=O)Nc3ccc(Br)cc3)c2=O)c1;21000;5.677780705
CHEMBL556625;COc1cccc(Cc2cc(C)nn(CC(=O)Nc3ccc(Cl)cc3)c2=O)c1;16000;5.795880017
CHEMBL551392;CCCCOc1ccc(C(=O)Nc2cc(C)nn(-c3ccccc3)c2=O)cc1;;#NUM!
CHEMBL2391447;COc1ccc(Nc2c(C(C)=O)c(C)nn(CC(=O)Nc3ccc(Br)cc3)c2=O)cc1;17000;5.769551079
CHEMBL2391264;COc1ccc(Cc2cc(-c3ccc(OC)cc3)nn(CC(=O)Nc3ccc(Br)cc3)c2=O)cc1;500000;4.301029996
CHEMBL2391258;COc1cccc(Cc2cc(-c3ccccc3)nn(CC(=O)Nc3ccc(Br)cc3)c2=O)c1;43000;5.366531544
CHEMBL3590212;COC(=O)Nc1cccc(NC(=O)CSc2nc3cc(OC)ccc3[nH]2)c1;73000;5.13667714
CHEMBL3590208;O=C(Nc1ccc(Br)cc1)N[C@@H](Cc1ccccc1)C(=O)N1CCc2ccccc21;2500;6.602059991
CHEMBL3589947;COc1ccc(NC(=O)N[C@@H](Cc2c[nH]c3ccccc23)C(=O)NCC2(c3ccnc(F)c3)CCCCC2)cc1;6600;6.180456064
CHEMBL3590072;COc1ccc(NC(=O)N[C@H](Cc2c[nH]c3ccccc23)C(=O)NCC2(c3cccnc3)CCCCC2)cc1;;#NUM!
CHEMBL3731893;CC(=O)c1coc(CNC(=O)[C@H]2[C@H](C(=O)NCCCCN3CCCC3)[C@H]3C=C[C@@H]2C32CC2)n1;1700;6.769551079
CHEMBL3729805;CC(=O)N1CCN(CCCCNC(=O)[C@H]2[C@H](C(=O)Nc3ccc(Br)cc3)[C@@H]3C=C[C@H]2C32CC2)CC1;380;7.420216403
CHEMBL3729231;COC(=O)CCCC(=O)NC[C@H]1[C@H](C(=O)Nc2ccc(Br)cc2)[C@@H]2C=C[C@H]1C21CC1;880;7.055517328
CHEMBL3728025;O=C(NCCCCN1CCCC1)[C@H]1[C@H](C(=O)Nc2ccc3scnc3c2)[C@@H]2C=C[C@H]1C21CC1;100;8
CHEMBL3732566;CN1CCN(CCCNC(=O)[C@H]2[C@H](C(=O)Nc3ccc(Br)cc3)[C@@H]3CC[C@H]2C32CC2)CC1;13;8.886056648
CHEMBL3731092;CC(C)(C)OC(=O)N1CC(NC(=O)[C@H]2[C@H](C(=O)Nc3ccc(Br)cc3)[C@@H]3C=C[C@H]2C32CC2)C1;4770;6.321481621
CHEMBL3729866;CC(C)(C)CCNC(=O)[C@H]1[C@H](C(=O)Nc2ccc(Br)cc2)[C@@H]2C=C[C@H]1C21CC1;1460;6.835647144
CHEMBL3730944;CCCCCNC(=O)[C@H]1[C@H](C(=O)Nc2ccc(Br)cc2)[C@@H]2C=C[C@H]1C21CC1;340;7.468521083
CHEMBL3731599;Cc1nc(CCNC(=O)[C@H]2[C@H](C(=O)Nc3ccc(Br)cc3)[C@@H]3C=C[C@H]2C32CC2)[nH]c1C;190;7.721246399
CHEMBL3590071;COc1ccc(NC(=O)N[C@@H](Cc2c[nH]c3ccccc23)C(=O)NCC2(c3cccnc3)CCCCC2)cc1;7300;6.13667714
CHEMBL2391438;Cc1cc(Cc2cccc3ccccc23)c(=O)n(CC(=O)Nc2ccc(Br)cc2)n1;500000;4.301029996
CHEMBL2391278;Cc1cc(Cc2ccccc2)c(=O)n(CC(=O)Nc2ccc(F)cc2)n1;500000;4.301029996
CHEMBL2391274;COc1cccc(Cc2cc(-c3ccc(F)cc3)nn(CC(=O)Nc3ccc4c(c3)OCO4)c2=O)c1;500000;4.301029996
CHEMBL2391273;COc1ccc(Cc2cc(-c3ccc(F)cc3)nn(CC(=O)Nc3ccc(Br)cc3)c2=O)cc1;500000;4.301029996
CHEMBL2391271;COc1cccc(Cc2cc(-c3ccc(C)cc3)nn(CC(=O)Nc3ccc4c(c3)OCO4)c2=O)c1;500000;4.301029996
CHEMBL2391285;Cc1cc(Cc2ccoc2)c(=O)n(CC(=O)Nc2ccc(Br)cc2)n1;63000;5.200659451
CHEMBL564619;COc1cccc(Cc2cc(C)nn(CNC(=O)c3ccc(Br)cc3)c2=O)c1;;#NUM!
CHEMBL249338;CCc1nc2ccccc2n1[C@@H]1CCN(C(=O)c2cc3cc(F)ccc3[nH]2)C1;14900;5.826813732
CHEMBL401313;COc1ccc2[nH]c(C(=O)N3CCC(n4c(-c5ccccc5)nc5ccccc54)CC3)cc2c1;27100;5.567030709
CHEMBL251772;COc1ccc2[nH]c(C(=O)N3CCC(n4c(C(F)(F)F)nc5ccccc54)CC3)cc2c1;15200;5.818156412
CHEMBL3730490;O=C(NCCCCO)[C@H]1[C@H](C(=O)Nc2ncc(Br)s2)[C@@H]2CC[C@H]1C21CC1;800;7.096910013
CHEMBL212113;CCc1c(NC(=O)Nc2ccc(C)c(F)c2)c(=O)n(-c2ccccc2)n1C;3100;6.508638306
CHEMBL3960228;Cc1nc(C(=O)Nc2cnn(Cc3nc(C(C)(C)O)co3)n2)c(-c2cccc(C(F)(F)F)c2)o1;217;7.663540266
CHEMBL3906325;Cc1nc(C(=O)Nc2cnn(Cc3nc(C(C)(C)O)co3)n2)c(-c2cccc(OC(F)(F)F)c2)o1;323;7.490797478
CHEMBL3590073;COc1ccc(NC(=O)N[C@@H](Cc2c[nH]c3ccccc23)C(=O)NCC2(c3ccccn3)CCCCC2)cc1;4300;6.366531544
CHEMBL4454321;CSCC[C@H](NC(=O)[C@@H](NC(=O)[C@H](CCSC)NC(=O)[C@H](Cc1ccc(O)cc1)NC(=O)[C@H](CCCCN)NC(=O)[C@@H](N)Cc1c[nH]c2ccccc12)C(C)C)C(=O)O;190;7.721246399
CHEMBL4452346;COC(=O)[C@@H](Cc1ccccc1)NC(=O)[C@H](Cc1c[nH]c2ccccc12)NC(=O)C1CCCCC1;;#NUM!
CHEMBL3590214;COc1ccc2[nH]c(SCC(=O)Nc3ccccc3Cl)nc2c1;100000;5
CHEMBL377642;COc1ccc(NC(=O)Nc2c(C)n(C)n(-c3ccccc3)c2=O)cc1;27300;5.563837353
CHEMBL539401;COc1cccc(Cc2cc(C)nn(CC(=O)Nc3ccc(C)cc3)c2=O)c1;9000;6.045757491
CHEMBL4169174;COc1ccc(NC(=O)N[C@H](Cc2ccc(C#N)cc2)C(=O)NCC2(c3ccc(OC(F)(F)F)cc3)CC2)cc1;;#NUM!
CHEMBL4162930;N#Cc1ccc(C[C@H](NC(=O)Nc2ccc(F)cc2)C(=O)NCC2(c3ccc(F)c(Cl)c3)CC2)cc1;1900;6.721246399
CHEMBL564392;COc1cccc(Cc2cc(C)nn(C(C)C(=O)Nc3ccc(Br)cc3)c2=O)c1;6000;6.22184875
CHEMBL380160;Cc1c(NC(=O)Nc2ccc(C(C)C)cc2)c(=O)n(-c2ccccc2)n1C;123000;4.910094889
CHEMBL564392;COc1cccc(Cc2cc(C)nn(C(C)C(=O)Nc3ccc(Br)cc3)c2=O)c1;;#NUM!
CHEMBL558114;COc1cccc(Cc2cc(C)nn(CCNC(=O)Nc3ccc(Br)cc3)c2=O)c1;;#NUM!
CHEMBL561375;COc1cccc(Cc2cc(C)nn(CC(=O)Nc3ccccc3)c2=O)c1;6000;6.22184875
CHEMBL3589948;COc1ccc(NC(=O)N[C@H](Cc2c[nH]c3ccccc23)C(=O)NCC2(c3ccnc(F)c3)CCCCC2)cc1;;#NUM!
CHEMBL3590069;COc1ccc(NC(=O)N[C@@H](Cc2c[nH]c3ccccc23)C(=O)NCC2(c3ccccc3)CCCCC2)cc1;;#NUM!
CHEMBL3589948;COc1ccc(NC(=O)N[C@H](Cc2c[nH]c3ccccc23)C(=O)NCC2(c3ccnc(F)c3)CCCCC2)cc1;;#NUM!
CHEMBL3590073;COc1ccc(NC(=O)N[C@@H](Cc2c[nH]c3ccccc23)C(=O)NCC2(c3ccccn3)CCCCC2)cc1;18000;5.744727495
CHEMBL3728649;CN1CCN(CCCCNC(=O)[C@H]2[C@H](C(=O)Nc3ccc(Br)cc3)[C@@H]3C=C[C@H]2C32CC2)CC1;41;8.387216143
CHEMBL3732419;NC(=O)CNC(=O)[C@H]1[C@H](C(=O)Nc2ccc(Br)cc2)[C@@H]2C=C[C@H]1C21CC1;65;8.187086643
CHEMBL3728508;CC(=O)c1ccc(NC(=O)[C@H]2[C@H](C(=O)NCCCCN3CCCC3)[C@H]3C=C[C@@H]2C32CC2)cc1;230;7.638272164
CHEMBL3731544;Cc1cc(C(=O)NC[C@H]2[C@H](C(=O)Nc3ccc(Br)cc3)[C@@H]3C=C[C@H]2C32CC2)nn1C;1150;6.93930216
CHEMBL3732748;COCCCNC(=O)[C@H]1[C@H](C(=O)Nc2ccc(Br)cc2)[C@@H]2C=C[C@H]1C21CC1;160;7.795880017
CHEMBL3732504;O=C(NCCn1cncn1)[C@H]1[C@H](C(=O)Nc2ccc(Br)cc2)[C@@H]2C=C[C@H]1C21CC1;120;7.920818754
CHEMBL3731632;O=C(NCC1COCCO1)[C@H]1[C@H](C(=O)Nc2ccc(Br)cc2)[C@@H]2C=C[C@H]1C21CC1;95;8.022276395
CHEMBL3732404;NCCCNC(=O)[C@H]1[C@H](C(=O)Nc2ccc(Br)cc2)[C@@H]2C=C[C@H]1C21CC1;14;8.853871964
CHEMBL3589946;COc1ccc(NC(=O)N[C@H](Cc2c[nH]c3ccccc23)C(=O)NCC2(c3ccc(OC)cn3)CCCCC2)cc1;2300;6.638272164
CHEMBL3590076;COc1ccc(NC(=O)N[C@H](Cc2c[nH]c3ccccc23)C(=O)NCC2(c3ccc(F)cc3)CCCCC2)cc1;;#NUM!
CHEMBL3590217;CCCCOc1ccc(C(=O)NN2Cc3ccccc3NC2c2ccc(OC)cc2)cc1;4700;6.327902142
CHEMBL3590213;CCOc1ccc2[nH]c(SCC(=O)Nc3ccccc3SC)nc2c1;80000;5.096910013
CHEMBL3728393;O=C(NCCCCN1CCCC1)[C@H]1[C@H](C(=O)NCc2nc(Br)cs2)[C@@H]2C=C[C@H]1C21CC1;730;7.13667714
CHEMBL249537;CCc1nc2ccccc2n1[C@@H]1CCN(C(=O)c2cc3cc(Br)ccc3[nH]2)C1;8100;6.091514981
CHEMBL249339;CCc1nc2ccccc2n1[C@@H]1CCN(C(=O)c2cc3cc(Cl)ccc3[nH]2)C1;141000;4.850780887
CHEMBL4454594;CCCCC(C(=O)Nc1ccc(Cl)cc1)n1nc(C)cc(Cc2ccccc2OC)c1=O;708;7.150028088
CHEMBL3727408;O=C(NCCCCN1CCCC1)[C@H]1[C@H](C(=O)Nc2ccc(Cl)nc2)[C@@H]2C=C[C@H]1C21CC1;78;8.107905397
CHEMBL3728389;CC(C)(C)OC(=O)N1CCC(CNC(=O)[C@H]2[C@H](C(=O)Nc3ccc(Br)cc3)[C@@H]3C=C[C@H]2C32CC2)CC1;2040;6.690369833
CHEMBL549570;COc1cccc(Cc2cc(C)nn(CC(=O)Nc3ccc(C(F)(F)F)cc3)c2=O)c1;19000;5.721246399
CHEMBL3732729;O=C(NC1CCCNC1)[C@H]1[C@H](C(=O)Nc2ncc(Br)s2)[C@@H]2CC[C@H]1C21CC1;91;8.040958608
CHEMBL3728708;CC(C)(C)OC(=O)CNc1cccc(CNC(=O)[C@H]2[C@H](C(=O)Nc3ccc(Br)cc3)[C@@H]3C=C[C@H]2C32CC2)c1;1940;6.71219827
CHEMBL3731677;Cc1nsc2cc(NC(=O)[C@H]3[C@H](C(=O)NCCCCN4CCCC4)[C@H]4C=C[C@@H]3C43CC3)ccc12;44200;5.354577731
CHEMBL3733092;CC(=O)c1csc(CNC(=O)[C@H]2[C@H](C(=O)NCCCc3nc4ccccc4[nH]3)[C@H]3C=C[C@@H]2C32CC2)n1;1060;6.974694135
CHEMBL3730133;O=C(NCCCCN1CCC[C@@H]1F)[C@H]1[C@H](C(=O)Nc2ccc(Br)cc2)[C@@H]2C=C[C@H]1C21CC1;4;9.455931956
CHEMBL3729758;O=C(N[C@H]1CC[C@@H](CN2CCCC2)CC1)[C@H]1[C@H](C(=O)Nc2ccc(Br)cc2)[C@@H]2C=C[C@H]1C21CC1;21;8.677780705
CHEMBL3731635;CN1CCCN(CCCCNC(=O)[C@H]2[C@H](C(=O)Nc3ccc(Br)cc3)[C@@H]3C=C[C@H]2C32CC2)CC1;9;9.050609993
CHEMBL3729434;O=C(NCCCCN1CCC1)[C@H]1[C@H](C(=O)Nc2ccc(Br)cc2)[C@@H]2C=C[C@H]1C21CC1;4;9.397940009
CHEMBL3731221;O=C(NCCCCN1CCCC1)[C@H]1[C@H](C(=O)NCc2ccc(I)cc2)[C@@H]2C=C[C@H]1C21CC1;420;7.37675071
CHEMBL3730664;Cc1nc(CCNC(=O)[C@H]2[C@H](C(=O)Nc3ccc(Br)cc3)[C@H]3C=C[C@@H]2C32CC2)[nH]c1C;770;7.113509275
CHEMBL3732842;Cc1ccc(CNC(=O)[C@H]2[C@H](C(=O)NCCCCN3CCCC3)[C@H]3C=C[C@@H]2C32CC2)c(C)c1;18000;5.744727495
CHEMBL3727792;O=C(NCCCCN1CCCC1)[C@H]1[C@H](C(=O)NCc2cnc(Br)s2)[C@@H]2C=C[C@H]1C21CC1;2130;6.671620397
CHEMBL3727668;Cn1c(CCC(=O)NC[C@H]2[C@H](C(=O)Nc3ccc(Br)cc3)[C@@H]3C=C[C@H]2C32CC2)nc2ccccc21;3360;6.473660723
CHEMBL3732416;CCN(CC)CCCNC(=O)[C@H]1[C@H](C(=O)Nc2ccc(Br)cc2)[C@@H]2C=C[C@H]1C21CC1;800;7.096910013
CHEMBL3733253;COc1ccc(CNC(=O)[C@H]2[C@H](C(=O)NCCCCN3CCCC3)[C@H]3C=C[C@@H]2C32CC2)c(F)c1F.O=CO;2900;6.537602002
CHEMBL562380;COc1ccc(Cc2cc(C)nn(CC(=O)Nc3ccc(Br)cc3)c2=O)cc1;131000;4.882728704
CHEMBL552380;CCCCOc1ccc(NC(=O)Nc2cc(C)nn(-c3ccccc3)c2=O)cc1;;#NUM!
CHEMBL550239;COc1cccc(Cc2cc(C)nn(CC(=O)c3ccc(Br)cc3)c2=O)c1;;#NUM!
CHEMBL3728238;CC1CCC(C)N1CCCCNC(=O)[C@H]1[C@H](C(=O)Nc2ccc(Br)cc2)[C@@H]2C=C[C@H]1C21CC1;21;8.677780705
CHEMBL3729899;Cc1ccc(CCNC(=O)[C@H]2[C@H](C(=O)NCCCCN3CCCC3)[C@H]3C=C[C@@H]2C32CC2)cc1C.O=CO;250000;4.602059991
CHEMBL3730257;COc1ccc(CCNC(=O)[C@H]2[C@H](C(=O)NCCCCN3CCCC3)[C@H]3C=C[C@@H]2C32CC2)cc1.O=CO;86100;5.064996849
CHEMBL3728722;O=C(NCCCCN1CCCC1)[C@H]1[C@H](C(=O)NCc2cc(Cl)nc(Cl)c2)[C@@H]2C=C[C@H]1C21CC1;106000;4.974694135
CHEMBL3727975;O=C(NCCCCN1CCCC1)[C@H]1[C@H](C(=O)NCCC2=CCCCC2)[C@@H]2C=C[C@H]1C21CC1;17400;5.759450752
CHEMBL3733207;O=C(NCCCCN1CCCC1)[C@H]1[C@H](C(=O)Nc2cc(F)c(Br)cc2F)[C@@H]2C=C[C@H]1C21CC1;1030;6.987162775
CHEMBL3729427;CC(=O)c1csc(CNC(=O)[C@H]2[C@H](C(=O)NCCCN)[C@H]3C=C[C@@H]2C32CC2)n1;2730;6.563837353
CHEMBL3731163;O=C(NCCCCN1CCCC1)[C@H]1[C@H](C(=O)Nc2ccc(Br)nc2)[C@@H]2C=C[C@H]1C21CC1;14;8.853871964
CHEMBL3728536;COCCCNC(=O)[C@H]1[C@H](C(=O)Nc2ccc(Br)cc2)[C@@H]2CC[C@H]1C21CC1;48;8.318758763
CHEMBL3731705;COC[C@H](Cc1ccccc1)NC(=O)[C@H]1[C@H](C(=O)Nc2ccc(Br)cc2)[C@@H]2C=C[C@H]1C21CC1;7350;6.133712661
CHEMBL3729615;CC(NC(=O)[C@H]1[C@H](C(=O)Nc2ccc(Br)cc2)[C@@H]2C=C[C@H]1C21CC1)C(=O)N1CCCCC1;1180;6.928117993
CHEMBL3728092;CCn1nc(C)cc1CCNC(=O)[C@H]1[C@H](C(=O)Nc2ccc(Br)cc2)[C@@H]2C=C[C@H]1C21CC1;770;7.113509275
CHEMBL3732870;O=C(NCCc1ccccn1)[C@H]1[C@H](C(=O)Nc2ccc(Br)cc2)[C@@H]2C=C[C@H]1C21CC1;610;7.214670165
CHEMBL3730013;O=C(NCCCn1cncn1)[C@H]1[C@H](C(=O)Nc2ccc(Br)cc2)[C@@H]2C=C[C@H]1C21CC1;180;7.744727495
CHEMBL3729034;CN(C)CCCNC(=O)[C@H]1[C@H](C(=O)Nc2ccc(Br)cc2)[C@@H]2C=C[C@H]1C21CC1;96;8.017728767
CHEMBL3731600;O=C(NCCN1CCCC1)[C@H]1[C@H](C(=O)Nc2ccc(Br)cc2)[C@@H]2C=C[C@H]1C21CC1;120;7.920818754
CHEMBL3730777;CN(C)CCN(C)C(=O)[C@H]1[C@H](C(=O)Nc2ccc(Br)cc2)[C@@H]2C=C[C@H]1C21CC1;110;7.958607315
CHEMBL3727801;NCc1ccc(CNC(=O)[C@H]2[C@H](C(=O)Nc3ccc(Br)cc3)[C@@H]3C=C[C@H]2C32CC2)cc1;75;8.124938737
CHEMBL3728716;CC(C)Oc1ccc(CNC(=O)[C@H]2[C@H](C(=O)NCCCCN3CCCC3)[C@H]3C=C[C@@H]2C32CC2)cc1.O=CO;72200;5.141462802
CHEMBL3730978;Cc1nn(C)c(Cl)c1C(=O)NC[C@H]1[C@H](C(=O)Nc2ccc(Br)cc2)[C@@H]2C=C[C@H]1C21CC1;9630;6.016373713
CHEMBL3728451;CC(C)(C)OC(=O)NCCCNC(=O)[C@H]1[C@H](C(=O)Nc2ccc(Br)cc2)[C@@H]2C=C[C@H]1C21CC1;170;7.769551079
CHEMBL3731817;NC(=O)CCNC(=O)[C@H]1[C@H](C(=O)Nc2ccc(Br)nc2)[C@@H]2C=C[C@H]1C21CC1;59;8.229147988
CHEMBL3727588;Cc1cnc(NC(=O)[C@H]2[C@H](C(=O)NCCCCN3CCCC3)[C@H]3C=C[C@@H]2C32CC2)s1;4630;6.334419009
CHEMBL3730596;O=C(CCc1ccc(F)cc1)NC[C@H]1[C@H](C(=O)Nc2ccc(Br)cc2)[C@@H]2C=C[C@H]1C21CC1;5290;6.276544328
CHEMBL3731359;O=C(CCc1cc2ccccc2[nH]1)NC[C@H]1[C@H](C(=O)Nc2ccc(Br)cc2)[C@@H]2C=C[C@H]1C21CC1;4630;6.334419009
CHEMBL3731113;O=C(NCC1CCNCC1)[C@H]1[C@H](C(=O)Nc2ccc(Br)cc2)[C@@H]2C=C[C@H]1C21CC1;8;9.086186148
CHEMBL4536334;CCCCC(C(=O)Nc1ccc(Cl)cc1)n1nc(C)cc(Cc2cccc(OC)c2OC)c1=O;525;7.280006174
CHEMBL3730760;NC[C@H]1CC[C@H](NC(=O)[C@H]2[C@H](C(=O)Nc3ccc(Br)cc3)[C@@H]3C=C[C@H]2C32CC2)CC1;130;7.886056648
CHEMBL3730324;O=C(NC1CNC1)[C@H]1[C@H](C(=O)Nc2ncc(Br)s2)[C@@H]2CC[C@H]1C21CC1;570;7.244125144
CHEMBL3729273;O=C(NCCCCN1CCCC1)[C@H]1[C@H](C(=O)Nc2cnc(Br)c(F)c2)[C@@H]2CC[C@H]1C21CC1.O=CO;3490;6.457174573
CHEMBL3728812;CNCCNC(=O)[C@H]1[C@H](C(=O)NCc2nc(C(C)=O)cs2)[C@@H]2C=C[C@H]1C21CC1;10400;5.982966661
CHEMBL3728341;O=C(NCCCCN1CCCC1)[C@H]1[C@H](C(=O)NCCc2ccc(Cl)cc2Cl)[C@@H]2C=C[C@H]1C21CC1;97100;5.01278077
CHEMBL3728279;Cc1ccc(C)c(CNC(=O)[C@H]2[C@H](C(=O)NCCCCN3CCCC3)[C@H]3C=C[C@@H]2C32CC2)c1;111000;4.954677021
CHEMBL3731494;O=C(NCCCCN1CCCC1)[C@H]1[C@H](C(=O)NCc2cc(F)cc(F)c2F)[C@@H]2C=C[C@H]1C21CC1;75000;5.124938737
CHEMBL3730234;O=C(NCCCCN1CCCC1)[C@H]1[C@H](C(=O)NCc2ccc(F)c(Br)c2)[C@@H]2C=C[C@H]1C21CC1;74100;5.130181792
CHEMBL3732163;CC(=O)c1cnc(CNC(=O)[C@H]2[C@H](C(=O)NCCCCN3CCCC3)[C@H]3C=C[C@@H]2C32CC2)s1;63300;5.19859629
CHEMBL3731107;NCCCCCNC(=O)[C@H]1[C@H](C(=O)Nc2ncc(Br)s2)[C@@H]2CC[C@H]1C21CC1;5;9.346787486
CHEMBL3732195;CCN(CC)CCCCNC(=O)[C@H]1[C@H](C(=O)NCc2ccc(Br)cc2)[C@@H]2C=C[C@H]1C21CC1;1210;6.91721463
CHEMBL3729010;O=C(NCCc1ccccn1)[C@H]1[C@H](C(=O)NCCc2ccc(Cl)cc2)[C@@H]2C=C[C@H]1C21CC1;250000;4.602059991
CHEMBL562910;COc1ccc(NC(=O)Cn2nc(C)cc(Cc3cccc(OC)c3)c2=O)cc1;144000;4.841637508
CHEMBL564392;COc1cccc(Cc2cc(C)nn(C(C)C(=O)Nc3ccc(Br)cc3)c2=O)c1;6000;6.22184875
CHEMBL539401;COc1cccc(Cc2cc(C)nn(CC(=O)Nc3ccc(C)cc3)c2=O)c1;9000;6.045757491
CHEMBL3733264;NS(=O)(=O)c1ccc(CCNC(=O)[C@H]2[C@H](C(=O)Nc3ccc(Br)cc3)[C@@H]3C=C[C@H]2C32CC2)cc1;230;7.638272164
CHEMBL3728401;CC(CO)NCCNC(=O)[C@H]1[C@H](C(=O)Nc2ccc(Br)cc2)[C@@H]2C=C[C@H]1C21CC1;45;8.346787486
CHEMBL3730354;O=C(NCC1CCCO1)[C@H]1[C@H](C(=O)Nc2ccc(Br)cc2)[C@@H]2C=C[C@H]1C21CC1;32;8.494850022
CHEMBL3729228;CC(C)(CN)CNC(=O)[C@H]1[C@H](C(=O)Nc2ccc(Br)cc2)[C@@H]2C=C[C@H]1C21CC1;10;9.008773924
CHEMBL3729013;O=C(NC1CCNC1)[C@H]1[C@H](C(=O)Nc2ccc(Br)cc2)[C@@H]2C=C[C@H]1C21CC1;9;9.026872146
CHEMBL3728297;COc1ccc(NC(=O)[C@H]2[C@H](C(=O)NCCCCN3CCCC3)[C@H]3C=C[C@@H]2C32CC2)cc1;20;8.698970004
CHEMBL3728613;CCCN(CC1CC1)C(=O)[C@H]1[C@H](C(=O)Nc2ccc(Br)cc2)[C@@H]2C=C[C@H]1C21CC1;2000;6.698970004
CHEMBL3733305;Cc1ccc(CNC(=O)[C@H]2[C@H](C(=O)NCCCCN3CCCC3)[C@H]3C=C[C@@H]2C32CC2)o1;5560;6.254925208
CHEMBL3728370;CCCCNC(=O)[C@H]1[C@H](C(=O)NCCCCN2CCCC2)[C@H]2C=C[C@@H]1C21CC1;3650;6.437707136
CHEMBL3731492;COC(=O)CCNC(=O)[C@H]1[C@H](C(=O)NCCCCN2CCCC2)[C@H]2C=C[C@@H]1C21CC1;520;7.283996656
CHEMBL3729813;O=C(NCCN1CCOCC1)[C@H]1[C@H](C(=O)Nc2ccc(Br)cc2)[C@@H]2C=C[C@H]1C21CC1;970;7.013228266
CHEMBL3732418;CCCCCCNC(=O)[C@H]1[C@H](C(=O)Nc2ccc(Br)cc2)[C@@H]2C=C[C@H]1C21CC1;730;7.13667714
CHEMBL3732602;CC(C)(CNC(=O)OC(C)(C)C)CNC(=O)[C@H]1[C@H](C(=O)Nc2ccc(Br)cc2)[C@@H]2C=C[C@H]1C21CC1;630;7.200659451
CHEMBL4162715;N#Cc1ccc(C[C@H](NC(=O)Nc2ccc(F)cc2)C(=O)NCC2(c3ccc(OC(F)(F)F)cc3)CC2)cc1;;#NUM!
CHEMBL4588649;COc1cccc(Cc2cc(C)nn(C(C)C(=O)Nc3ccc(Cl)cc3)c2=O)c1;1000000;4
CHEMBL4166385;COc1ccc(NC(=O)N[C@@H](Cc2ccc(C#N)cc2)C(=O)NCC2(c3ccc(C)c(F)c3)CC2)cc1;17000;5.769551079
CHEMBL4177002;COc1ccc(NC(=O)N[C@H](Cc2ccc(C#N)cc2)C(=O)NCC2(c3ccc(C)c(F)c3)CC2)cc1;;#NUM!
CHEMBL569591;CCCCOc1ccc(Nc2cc(C)nn(-c3ccccc3)c2=O)cc1;;#NUM!
CHEMBL551590;COc1cccc(Cc2cc(C)nn(CCC(=O)Nc3ccc(Br)cc3)c2=O)c1;54000;5.26760624
CHEMBL3590211;CCc1ccc(NC(=O)CSc2nc3cc(OC)ccc3[nH]2)cc1;32000;5.494850022
CHEMBL1289260;COc1ccc(CCNC(=O)Nc2ccc(Cl)cc2)cc1;4000;6.397940009
CHEMBL2391452;COc1ccc(-c2cc(C)nn(CC(=O)Nc3ccc(Br)cc3)c2=O)cc1;500000;4.301029996
CHEMBL2391451;Cc1cc(NC(=O)c2ccc(Br)cc2)c(=O)n(CC(=O)Nc2ccc(Br)cc2)n1;500000;4.301029996
CHEMBL2391270;COc1ccc(Cc2cc(-c3ccc(C)cc3)nn(CC(=O)Nc3ccc(Br)cc3)c2=O)cc1;500000;4.301029996
CHEMBL2391266;COc1ccc(-c2cc(Cc3cccc(OC)c3)c(=O)n(CC(=O)Nc3ccc(F)cc3)n2)cc1;500000;4.301029996
CHEMBL2391437;Cc1cc(Cc2cccs2)c(=O)n(CC(=O)Nc2ccc(Br)cc2)n1;114000;4.943095149
CHEMBL2408791;CC[C@@H](C)[C@@H](NC(=O)Nc1ccc(Br)cc1)C(=O)NCC(=O)O;193150;4.714105288
CHEMBL404003;COc1ccc2[nH]c(C(=O)N3CCC(n4c(C)nc5ccccc54)CC3)cc2c1;10200;5.991399828
CHEMBL5075254;O=C(Nc1ccc(Br)cc1)NC1CCN(Cc2ccccc2)C1=O;;#NUM!
CHEMBL3984964;Cc1cccc(-c2ocnc2C(=O)Nc2cnn(Cc3nc(C(C)(C)O)co3)n2)c1;113;7.946921557
CHEMBL571678;Cc1cc(NC(=O)Nc2ccc(I)cc2)c(=O)n(-c2ccccc2)n1;;#NUM!
CHEMBL550994;COc1cccc(Cn2nc(C)cc(NC(=O)Nc3ccc(Br)cc3)c2=O)c1;;#NUM!
CHEMBL556485;COc1cccc(Cc2cc(C)nn(CC(=O)Nc3ccc4c(c3)OCO4)c2=O)c1;;#NUM!
CHEMBL3590216;CCCCOc1ccc(C(=O)NN2Cc3ccccc3NC2c2ccc(C)cc2)cc1;14800;5.829738285
CHEMBL3588927;O=C(Nc1ccc(Cl)cc1)N[C@@H](Cc1ccccc1)C(=O)N1CCCCC1;500;7.301029996
CHEMBL3590070;COc1ccc(NC(=O)N[C@H](Cc2c[nH]c3ccccc23)C(=O)NCC2(c3ccccc3)CCCCC2)cc1;;#NUM!
CHEMBL3590070;COc1ccc(NC(=O)N[C@H](Cc2c[nH]c3ccccc23)C(=O)NCC2(c3ccccc3)CCCCC2)cc1;9700;6.013228266
CHEMBL562910;COc1ccc(NC(=O)Cn2nc(C)cc(Cc3cccc(OC)c3)c2=O)cc1;11000;5.958607315
CHEMBL561375;COc1cccc(Cc2cc(C)nn(CC(=O)Nc3ccccc3)c2=O)c1;;#NUM!
CHEMBL379853;CC(C)c1c(NC(=O)Nc2ccc(Cl)cc2)c(=O)n(-c2cncnc2)n1C;2500;6.602059991
CHEMBL550240;Cc1cc(NC(=O)Nc2ccc(Br)cc2)c(=O)n(-c2ccccc2)n1;;#NUM!
CHEMBL267179;CSCC[C@H](NC=O)C(=O)N[C@@H](CC(C)C)C(=O)N[C@@H](Cc1ccccc1)C(=O)O;204000;4.690369833
CHEMBL560780;COc1cccc(Cc2cc(C)nn(CC(=O)Nc3ccc(I)cc3)c2=O)c1;18000;5.744727495
CHEMBL562380;COc1ccc(Cc2cc(C)nn(CC(=O)Nc3ccc(Br)cc3)c2=O)cc1;24000;5.619788758
CHEMBL2408792;CC(C)C[C@H](NC(=O)Nc1ccc(C(F)(F)F)cc1)C(=O)NC(C)(C)C(=O)O;23;8.638272164
CHEMBL208831;CC1C(N(C)C(=O)N(C)c2ccc(I)cc2)C(=O)N(c2ccccc2)N1C;100000;5
CHEMBL210303;CC(C)c1c(NC(=O)Nc2ccc(Cl)cc2)c(=O)n(-c2cnc3ccccc3c2)n1C;800;7.096910013
CHEMBL249132;CCc1nc2ccccc2n1[C@@H]1CCN(C(=O)c2cc3cc(OC)ccc3[nH]2)C1;340;7.468521083
CHEMBL209521;Cc1c(NC(=O)Nc2cccc(Cl)c2)c(=O)n(-c2ccccc2)n1C;100000;5
CHEMBL210298;Cc1c(NC(=O)Nc2ccc(Cl)cc2)c(=O)n(-c2ccccc2)n1C;4900;6.30980392
CHEMBL378707;Cc1c(NC(=O)Nc2ccc(F)cc2)c(=O)n(-c2ccccc2)n1C;48500;5.314258261
CHEMBL557301;CCCCOc1ccc(NC(=O)Cn2nc(C)cc(Cc3ccc(OC)cc3)c2=O)cc1;;#NUM!
CHEMBL552396;COc1cccc(Cc2cc(C)nn(CC(=O)Nc3ccc(F)cc3)c2=O)c1;82000;5.086186148
CHEMBL549570;COc1cccc(Cc2cc(C)nn(CC(=O)Nc3ccc(C(F)(F)F)cc3)c2=O)c1;88000;5.055517328
CHEMBL562456;COc1cccc(Cc2cc(C)nn(CC(=O)Nc3ccc([N+](=O)[O-])cc3)c2=O)c1;123000;4.910094889
CHEMBL3588929;O=C(Nc1ccc(Br)cc1)N[C@@H](Cc1ccccc1)C(=O)NN1CCCCNC1=O;40;8.397940009
CHEMBL1289379;COc1ccc(CCNC(=O)Nc2ccc(F)cc2)cc1;9000;6.045757491
CHEMBL1288648;COc1ccc(CCNC(=O)Nc2ccccc2)cc1;30000;5.522878745
CHEMBL3589946;COc1ccc(NC(=O)N[C@H](Cc2c[nH]c3ccccc23)C(=O)NCC2(c3ccc(OC)cn3)CCCCC2)cc1;9200;6.036212173
CHEMBL3590072;COc1ccc(NC(=O)N[C@H](Cc2c[nH]c3ccccc23)C(=O)NCC2(c3cccnc3)CCCCC2)cc1;;#NUM!
CHEMBL554291;COc1cccc(Cc2cc(C)nn(CC(=O)Nc3ccc(OC)c(OC)c3)c2=O)c1;12000;5.920818754
CHEMBL563296;COc1cccc(Cc2cc(C)nn(CC(=O)Nc3ccccc3Br)c2=O)c1;;#NUM!
CHEMBL552396;COc1cccc(Cc2cc(C)nn(CC(=O)Nc3ccc(F)cc3)c2=O)c1;;#NUM!
CHEMBL4463562;COC(=O)[C@H](NC(=O)[C@H](Cc1c[nH]c2ccccc12)NC(=O)c1ccccc1)C(C)C;;#NUM!
CHEMBL3588871;COc1ccc(NC(=O)N[C@@H](Cc2c[nH]c3ccccc23)C(=O)NCC2(c3ccc(OC)cn3)CCCCC2)cc1;600;7.22184875
CHEMBL3590076;COc1ccc(NC(=O)N[C@H](Cc2c[nH]c3ccccc23)C(=O)NCC2(c3ccc(F)cc3)CCCCC2)cc1;;#NUM!
CHEMBL558304;Cc1cc(NC(=O)Nc2ccc(Cl)cc2)c(=O)n(-c2ccccc2)n1;;#NUM!
CHEMBL561375;COc1cccc(Cc2cc(C)nn(CC(=O)Nc3ccccc3)c2=O)c1;6000;6.22184875
CHEMBL556485;COc1cccc(Cc2cc(C)nn(CC(=O)Nc3ccc4c(c3)OCO4)c2=O)c1;45000;5.346787486
CHEMBL556485;COc1cccc(Cc2cc(C)nn(CC(=O)Nc3ccc4c(c3)OCO4)c2=O)c1;45000;5.346787486
CHEMBL549570;COc1cccc(Cc2cc(C)nn(CC(=O)Nc3ccc(C(F)(F)F)cc3)c2=O)c1;19000;5.721246399
CHEMBL562380;COc1ccc(Cc2cc(C)nn(CC(=O)Nc3ccc(Br)cc3)c2=O)cc1;131000;4.882728704
CHEMBL248928;CCc1nc2ccccc2n1C1CCN(C(=O)c2cc3cc(OC)ccc3[nH]2)C1;1300;6.886056648
CHEMBL3590209;COc1ccc2[nH]c(SCC(=O)Nc3ccccc3Br)nc2c1;40300;5.394694954
CHEMBL3588925;O=C(Nc1ccc(Br)cc1)N[C@@H](Cc1ccccc1)C(=O)N1CCCC1;1400;6.853871964
CHEMBL3732392;O=C(NCCCCN1CCCC1)[C@H]1[C@H](C(=O)NCc2ccc(F)cc2)[C@@H]2C=C[C@H]1C21CC1.O=CO;5140;6.289036881
CHEMBL3730159;O=C(NCCOCCN1CCCC1)[C@H]1[C@H](C(=O)Nc2ccc(Br)cc2)[C@@H]2C=C[C@H]1C21CC1;7;9.142667504
CHEMBL3728344;CC(=O)c1ncc(CNC(=O)[C@H]2[C@H](C(=O)NCCCCN3CCCC3)[C@H]3C=C[C@@H]2C32CC2)o1;920;7.036212173
CHEMBL4779714;Cc1nn(C)cc1NC(=O)C1(NC(=O)Nc2ccc(Br)cc2)CCCC1;18500;5.732828272
CHEMBL4796468;COc1ccc(CC(NC(=O)Nc2ccc(Cl)cc2)C(N)=O)cc1;36;8.443697499
CHEMBL4740375;COc1ccc(C2CNC(=O)C2NC(=O)Nc2ccc(Cl)cc2)cc1;9;9.045757491
CHEMBL4790245;COc1cc(F)c([C@@H]2CNC(=O)[C@H]2NC(=O)Nc2ncc(Cl)s2)c(F)c1;19;8.721246399
CHEMBL551390;COc1cccc(Cc2cc(C)nn(CNC(=O)Nc3ccc(Br)cc3)c2=O)c1;;#NUM!
CHEMBL560376;COc1cccc(Cc2cc(C)nn(CCNC(=O)c3ccc(Br)cc3)c2=O)c1;;#NUM!
CHEMBL559097;COc1cccc(Cc2cc(C)nn(CC(=O)Nc3cccc(Br)c3)c2=O)c1;;#NUM!
CHEMBL564657;COc1cccc(Cc2cc(C)nn(Cc3ccc(Br)cc3)c2=O)c1;;#NUM!
CHEMBL563344;COc1cccc(Cc2cc(C)nn(CCOc3ccc(Br)cc3)c2=O)c1;;#NUM!
CHEMBL556625;COc1cccc(Cc2cc(C)nn(CC(=O)Nc3ccc(Cl)cc3)c2=O)c1;40000;5.397940009
CHEMBL563842;CCCCOc1ccc(NC(=O)Cn2nc(C)cc(Cc3cccc(OC)c3)c2=O)cc1;;#NUM!
CHEMBL554291;COc1cccc(Cc2cc(C)nn(CC(=O)Nc3ccc(OC)c(OC)c3)c2=O)c1;168000;4.774690718
CHEMBL556899;COc1cccc(Cc2cc(C)nn(CC(=O)N(C)c3ccc(Br)cc3)c2=O)c1;;#NUM!
CHEMBL554291;COc1cccc(Cc2cc(C)nn(CC(=O)Nc3ccc(OC)c(OC)c3)c2=O)c1;12000;5.920818754
CHEMBL539401;COc1cccc(Cc2cc(C)nn(CC(=O)Nc3ccc(C)cc3)c2=O)c1;109000;4.962573502
CHEMBL2391445;Cc1ccc(=O)n(CC(=O)Nc2ccc(I)cc2)n1;500000;4.301029996
CHEMBL2391444;CC1=NN(CC(=O)Nc2ccc(I)cc2)C(=O)CC1;500000;4.301029996
CHEMBL2391449;COc1ccc(Nc2cc(C)nn(CC(=O)Nc3ccc(Br)cc3)c2=O)cc1;78000;5.107905397
CHEMBL210526;Cc1cc(NC(=O)Nc2c(C)n(C)n(-c3ccccc3)c2=O)ccc1F;100000;5
CHEMBL4159569;COc1ccc(NC(=O)N[C@@H](Cc2ccc(C#N)cc2)C(=O)NCC2(c3ccc(F)c(Cl)c3)CC2)cc1;3300;6.48148606
CHEMBL4588649;COc1cccc(Cc2cc(C)nn(C(C)C(=O)Nc3ccc(Cl)cc3)c2=O)c1;95499;5.019999812
CHEMBL4173645;N#Cc1ccc(C[C@@H](NC(=O)Nc2ccc(F)cc2)C(=O)NCC2(c3ccc(F)c(Cl)c3)CC2)cc1;3000;6.522878745
CHEMBL4161946;COc1ccc(NC(=O)N[C@H](Cc2c[nH]c3ccccc23)C(=O)NCC2(c3ccccc3)CC2)cc1;;#NUM!
CHEMBL4168567;COc1ccc(NC(=O)N[C@@H](Cc2c[nH]c3ccccc23)C(=O)NCC2(c3ccccc3)CC2)cc1;14000;5.853871964
CHEMBL4172968;N#Cc1ccc(C[C@H](NC(=O)Nc2ccc([N+](=O)[O-])cc2)C(=O)NCC2(c3ccccc3)CC2)cc1;25000;5.602059991
CHEMBL4172968;N#Cc1ccc(C[C@H](NC(=O)Nc2ccc([N+](=O)[O-])cc2)C(=O)NCC2(c3ccccc3)CC2)cc1;6300;6.200659451
CHEMBL4166447;O=C(Nc1ccc(F)cc1)N[C@@H](Cc1c[nH]c2ccccc12)C(=O)NCC1(c2ccccc2)CC1;20000;5.698970004
CHEMBL4165740;O=C(Nc1ccccc1)N[C@H](Cc1c[nH]c2ccccc12)C(=O)NCC1(c2ccccc2)CC1;;#NUM!
CHEMBL3732978;O=C(NCCCCN1CCCC1)[C@H]1[C@H](C(=O)NCCc2ccc(F)cc2)[C@@H]2C=C[C@H]1C21CC1.O=CO;63600;5.196542884
CHEMBL3731737;COc1ccc(CCNC(=O)[C@H]2[C@H](C(=O)NCCCCN3CCCC3)[C@H]3C=C[C@@H]2C32CC2)cc1OC;250000;4.602059991
CHEMBL3732990;CC(=O)c1ccc(CNC(=O)[C@H]2[C@H](C(=O)NCCCCN3CCCC3)[C@H]3C=C[C@@H]2C32CC2)cc1;97400;5.011441043
CHEMBL3729111;COc1cc(CNC(=O)[C@H]2[C@H](C(=O)NCCCCN3CCCC3)[C@H]3C=C[C@@H]2C32CC2)ccn1;88700;5.05207638
CHEMBL3732087;O=C(NCCCCN1CCCC1)[C@H]1[C@H](C(=O)NCc2cccc(C(F)(F)F)c2F)[C@@H]2C=C[C@H]1C21CC1;79100;5.101823517
CHEMBL3727601;NCCCCNC(=O)[C@H]1[C@H](C(=O)Nc2ncc(Br)s2)[C@@H]2CC[C@H]1C21CC1;5;9.301029996
CHEMBL3731680;O=C(NCCCCN1CCCC1)[C@H]1[C@H](C(=O)NCc2cc(F)c(Br)cc2F)[C@@H]2C=C[C@H]1C21CC1;3010;6.521433504
CHEMBL3730960;O=C(NCC1CCNCC1)[C@H]1[C@H](C(=O)Nc2ncc(Br)s2)[C@@H]2C=C[C@H]1C21CC1;57;8.244125144
CHEMBL3729170;O=C(NCCCCN1CCCC1)[C@H]1[C@H](C(=O)Nc2ccc(Br)cn2)[C@@H]2C=C[C@H]1C21CC1;29;8.537602002
CHEMBL4170201;COc1ccc(NC(=O)N[C@H](Cc2ccc(C#N)cc2)C(=O)NCC2(c3ccc(F)c(Cl)c3)CC2)cc1;7300;6.13667714
CHEMBL377130;CC(C)c1c(NC(=O)Nc2ccc(Cl)cc2)c(=O)n(C2=NCCS2)n1C;5400;6.26760624
CHEMBL211957;Cc1ccc(NC(=O)Nc2c(C(C)C)n(C)n(-c3ccccc3)c2=O)cc1F;810;7.091514981
CHEMBL209995;CCc1c(NC(=O)Nc2ccc(Cl)cc2)c(=O)n(-c2ccccc2)n1C;1400;6.853871964
CHEMBL208979;Cc1c(NC(=O)Nc2nccs2)c(=O)n(-c2ccccc2)n1C;100000;5
CHEMBL212116;Cc1c(NC(=O)Nc2ccc(C#N)cc2)c(=O)n(-c2ccccc2)n1C;37000;5.431798276
CHEMBL378679;CCc1ccc(NC(=O)Nc2c(C)n(C)n(-c3ccccc3)c2=O)cc1;7700;6.113509275
CHEMBL4166447;O=C(Nc1ccc(F)cc1)N[C@@H](Cc1c[nH]c2ccccc12)C(=O)NCC1(c2ccccc2)CC1;;#NUM!
CHEMBL400723;CCc1nc2ccccc2n1[C@@H]1CCN(C(=O)c2nc3cc(OC)ccc3[nH]2)C1;18700;5.728158393
CHEMBL3728573;COCC1CCCN1CCCCNC(=O)[C@H]1[C@H](C(=O)Nc2ccc(Br)cc2)[C@@H]2C=C[C@H]1C21CC1.O=CO;14;8.853871964
CHEMBL3731064;CC(C)CCN1CCC(NC(=O)[C@H]2[C@H](C(=O)NCCc3ccc(Cl)cc3)[C@@H]3C=C[C@H]2C32CC2)CC1;104000;4.982966661
CHEMBL3733127;O=C(NCCN1CCNC1=O)[C@H]1[C@H](C(=O)NCc2ccc(Br)cc2)[C@@H]2C=C[C@H]1C21CC1;1810;6.742321425
CHEMBL2408793;CC(C)C[C@H](NC(=O)Nc1ccc(Br)cc1)C(=O)NC(C)(C)C(=O)O;10;9
CHEMBL208884;Cc1c(NC(=O)Nc2ccc(I)cc2)c(=O)n(-c2ccccc2)n1C;300;7.522878745
CHEMBL2391284;Cc1cc(Cc2ccc(C(F)(F)F)cc2)c(=O)n(CC(=O)Nc2ccc(Br)cc2)n1;500000;4.301029996
CHEMBL2391269;COc1cccc(Cc2cc(-c3ccc(Cl)cc3)nn(CC(=O)Nc3ccc(F)cc3)c2=O)c1;500000;4.301029996
CHEMBL2391260;COc1cccc(Cc2cc(-c3ccccc3)nn(CC(=O)Nc3ccc(F)cc3)c2=O)c1;500000;4.301029996
CHEMBL386527;Cc1c(NC(=O)Nc2ccccc2)c(=O)n(-c2ccccc2)n1C;100000;5
CHEMBL3732403;O=C(NCCCCN1CCCC1)[C@H]1[C@H](C(=O)Nc2c(F)cc(Br)cc2F)[C@@H]2C=C[C@H]1C21CC1;94;8.026872146
CHEMBL3728857;CC(C)(CN)CNC(=O)[C@H]1[C@H](C(=O)NCc2ccc(Br)cc2)[C@@H]2C=C[C@H]1C21CC1;260;7.585026652
CHEMBL3730632;CN1CCN(CCCNC(=O)[C@H]2[C@H](C(=O)NCc3ccc(Br)cc3)[C@@H]3C=C[C@H]2C32CC2)CC1;2130;6.671620397
CHEMBL3729761;CC(=O)c1csc(CNC(=O)[C@H]2[C@H](C(=O)NCCC(N)=O)[C@H]3C=C[C@@H]2C32CC2)n1;2970;6.527243551
CHEMBL3731163;O=C(NCCCCN1CCCC1)[C@H]1[C@H](C(=O)Nc2ccc(Br)nc2)[C@@H]2C=C[C@H]1C21CC1;11;8.958607315
CHEMBL2391281;Cc1cc(Cc2cccc(Cl)c2)c(=O)n(CC(=O)Nc2ccc(Br)cc2)n1;500000;4.301029996
CHEMBL2391280;Cc1cc(Cc2cccc(F)c2)c(=O)n(CC(=O)Nc2ccc(Br)cc2)n1;500000;4.301029996
CHEMBL2391286;Cc1cc(Cc2ccsc2)c(=O)n(CC(=O)Nc2ccc(Br)cc2)n1;141000;4.850780887
CHEMBL2391439;Cc1cc(Cc2cccnc2)c(=O)n(CC(=O)Nc2ccc(Br)cc2)n1;28000;5.552841969
CHEMBL430016;CCc1nc2ccccc2n1[C@@H]1CCN(C(=O)c2cc3cc(OC(F)(F)F)ccc3[nH]2)C1;122000;4.913640169
CHEMBL401314;CCc1nc2ccccc2n1[C@H]1CCN(C(=O)c2cc3cc(OC)ccc3[nH]2)C1;35000;5.455931956
CHEMBL378064;CCn1c(C(C)C)c(NC(=O)Nc2ccc(C)c(F)c2)c(=O)n1-c1ccccc1;1000;7
CHEMBL4164673;O=C(Nc1ccc([N+](=O)[O-])cc1)N[C@@H](Cc1cccnc1)C(=O)NCC1(c2ccccc2)CC1;64000;5.193820026
CHEMBL2391255;CCc1cc(Cc2cccc(OC)c2)c(=O)n(CC(=O)Nc2ccc(I)cc2)n1;55000;5.259637311
CHEMBL4161887;Cc1ccc(C2(CNC(=O)[C@@H](Cc3ccc(C#N)cc3)NC(=O)Nc3ccc(F)cc3)CC2)cc1F;;#NUM!
CHEMBL3588871;COc1ccc(NC(=O)N[C@@H](Cc2c[nH]c3ccccc23)C(=O)NCC2(c3ccc(OC)cn3)CCCCC2)cc1;860;7.065501549
CHEMBL211595;Cc1ccc(NC(=O)Nc2c(C(C)(C)C)n(C)n(-c3ccccc3)c2=O)cc1F;830;7.080921908
CHEMBL377169;CC(C)c1c(NC(=O)Nc2ccccc2Cl)c(=O)n(-c2ccccc2)n1C;100000;5
CHEMBL5075000;O=C(Nc1ccc(Br)cc1)NC1CCN(C2CCNCC2)C1=O;2300;6.638272164
CHEMBL3588924;CNOC(=O)C1CCN(C(=O)[C@H](Cc2c[nH]c3ccccc23)NC(=O)Nc2ccc(Br)cc2)CC1C;3000;6.522878745
CHEMBL4177002;COc1ccc(NC(=O)N[C@H](Cc2ccc(C#N)cc2)C(=O)NCC2(c3ccc(C)c(F)c3)CC2)cc1;;#NUM!
CHEMBL4174852;O=C(Nc1ccc(F)cc1)N[C@H](Cc1c[nH]c2ccccc12)C(=O)NCC1(c2ccccc2)CC1;;#NUM!
CHEMBL4172556;O=C(Nc1ccc([N+](=O)[O-])cc1)N[C@H](Cc1cccnc1)C(=O)NCC1(c2ccccc2)CC1;1200;6.920818754
CHEMBL2391442;COc1cc(Cc2cc(C)nn(CC(=O)Nc3ccc(I)cc3)c2=O)cc(OC)c1;500000;4.301029996
CHEMBL2391272;COc1cccc(Cc2cc(-c3ccc(C)cc3)nn(CC(=O)Nc3ccc(F)cc3)c2=O)c1;500000;4.301029996
CHEMBL2391277;Cc1cc(Cc2ccccc2)c(=O)n(CC(=O)Nc2ccc(Br)cc2)n1;116000;4.935542011
CHEMBL4556626;COC(=O)[C@@H](Cc1ccccc1)NC(=O)[C@H](Cc1c[nH]c2ccccc12)NC(=O)c1ccccc1;;#NUM!
CHEMBL3938248;CC(C)(O)c1coc(Cn2ncc(NC(=O)c3ncoc3-c3cccc(Cl)c3)n2)n1;178;7.749579998
CHEMBL3935685;Cc1cccc(-c2oc(C3CC3)nc2C(=O)Nc2cnn(Cc3nc(C(C)(C)O)co3)n2)c1;529;7.276544328
CHEMBL4543372;COC(=O)[C@@H](Cc1ccccc1)NC(=O)[C@H](Cc1c[nH]c2ccccc12)NC(=O)CC(C)C;;#NUM!
CHEMBL4743133;COc1ccc([C@@H]2CNC(=O)[C@H]2NC(=O)Nc2ccc(F)cc2)c(Cl)c1;40;8.397940009
CHEMBL3729822;NC(=O)CCCNC(=O)[C@H]1[C@H](C(=O)Nc2ccc(Br)cc2)[C@@H]2C=C[C@H]1C21CC1.O=CO;73;8.13667714
CHEMBL3733287;O=C(NCCCCN1CCCC1)[C@H]1[C@H](C(=O)NCc2csc(Br)c2)[C@@H]2C=C[C@H]1C21CC1;330;7.48148606
CHEMBL3730804;CC(C)Cc1cc(CNC(=O)[C@H]2[C@H](C(=O)NCCCCN3CCCC3)[C@H]3C=C[C@@H]2C32CC2)no1;930;7.031517051
CHEMBL3732281;O=C(NCCCCN1CCCC1)[C@H]1[C@H](C(=O)Nc2nc(-c3ccccc3)ns2)[C@@H]2C=C[C@H]1C21CC1;98900;5.004803708
CHEMBL3729699;O=C(NCCCCN1CCCC1)[C@H]1[C@H](C(=O)Nc2cnc(Cl)nc2)[C@@H]2C=C[C@H]1C21CC1;13300;5.876148359
CHEMBL3729170;O=C(NCCCCN1CCCC1)[C@H]1[C@H](C(=O)Nc2ccc(Br)cn2)[C@@H]2C=C[C@H]1C21CC1;170;7.769551079
CHEMBL3729988;NCCNC(=O)[C@H]1[C@H](C(=O)Nc2ccc(Br)cc2)[C@@H]2C=C[C@H]1C21CC1;100;8
CHEMBL3730197;CC(C)(C)OC(=O)N1CCC(NC(=O)[C@H]2[C@H](C(=O)Nc3ccc(Br)cc3)[C@@H]3C=C[C@H]2C32CC2)C1;12;8.920818754
CHEMBL3729485;Cl.O=C(NCCCCN1CCCC1)[C@H]1[C@H](C(=O)Nc2ccc(C(F)(F)F)cc2)[C@@H]2C=C[C@H]1C21CC1;820;7.086186148
CHEMBL3730203;CCOc1ccc(CNC(=O)[C@H]2[C@H](C(=O)NCCCCN3CCCC3)[C@H]3C=C[C@@H]2C32CC2)cc1.O=CO;29100;5.536107011
CHEMBL3732039;O=C(NCCCCN1CCCC1)[C@H]1[C@H](C(=O)NCc2ccc(F)c(C(F)(F)F)c2)[C@@H]2C=C[C@H]1C21CC1;100000;5
CHEMBL4793603;COc1ccc([C@H]2CNC(=O)[C@@H]2NC(=O)Nc2ccc(Cl)cc2)cc1;340;7.468521083
CHEMBL4756320;CCOc1cc(F)c([C@@H]2CNC(=O)[C@H]2NC(=O)Nc2ccc(F)cc2)c(F)c1;140;7.853871964
CHEMBL4792002;COc1cc(F)c([C@@H]2CNC(=O)[C@H]2NC(=O)Nc2ccc(Cl)cn2)c(F)c1;45;8.346787486
CHEMBL3731822;Cc1ccc(CCNC(=O)[C@H]2[C@H](C(=O)NCCCCN3CCCC3)[C@H]3C=C[C@@H]2C32CC2)c(C)c1.O=CO;250000;4.602059991
CHEMBL3728245;NCCCCCNC(=O)[C@H]1[C@H](C(=O)Nc2ncc(Br)s2)[C@@H]2C=C[C@H]1C21CC1;13;8.886056648
CHEMBL3729979;CNCCNC(=O)[C@H]1[C@H](C(=O)Nc2ncc(Br)s2)[C@@H]2C=C[C@H]1C21CC1;980;7.008773924
CHEMBL3730378;Cc1cc(Br)ccc1NC(=O)[C@H]1[C@H](C(=O)NCCCCN2CCCC2)[C@H]2C=C[C@@H]1C21CC1;2750;6.560667306
CHEMBL3730658;CCN(CC)CCCCNC(=O)[C@H]1[C@H](C(=O)NCc2nc(C(C)=O)cs2)[C@@H]2C=C[C@H]1C21CC1;970;7.013228266
CHEMBL560780;COc1cccc(Cc2cc(C)nn(CC(=O)Nc3ccc(I)cc3)c2=O)c1;68000;5.167491087
CHEMBL562457;COc1cccc(Cc2cc(C)nn(CC(=O)Oc3ccc(Br)cc3)c2=O)c1;;#NUM!
CHEMBL4444320;COC(=O)[C@H](Cc1ccccc1)NC(=O)[C@H](Cc1c[nH]c2ccccc12)NC(=O)c1ccccc1;;#NUM!
CHEMBL4745044;COc1ccc([C@@H]2CNC(=O)[C@H]2NC(=O)Nc2ccc(F)cc2)c(F)c1;5;9.346787486
CHEMBL2391283;COc1cc(Cc2cc(C)nn(CC(=O)Nc3ccc(Br)cc3)c2=O)cc(OC)c1;500000;4.301029996
CHEMBL2391282;Cc1cc(Cc2cccc(Br)c2)c(=O)n(CC(=O)Nc2ccc(Br)cc2)n1;500000;4.301029996
CHEMBL2391279;Cc1cc(Cc2ccccc2)c(=O)n(CC(=O)Nc2ccc3c(c2)OCO3)n1;500000;4.301029996
CHEMBL2391275;COc1cccc(Cc2cc(-c3ccc(F)cc3)nn(CC(=O)Nc3ccc(F)cc3)c2=O)c1;500000;4.301029996
CHEMBL2391265;COc1ccc(-c2cc(Cc3cccc(OC)c3)c(=O)n(CC(=O)Nc3ccc4c(c3)OCO4)n2)cc1;500000;4.301029996
CHEMBL3728805;O=C(CCCN1CCCC1)NC[C@H]1[C@H](C(=O)Nc2ccc(Br)cc2)[C@@H]2C=C[C@H]1C21CC1;1600;6.795880017
CHEMBL3728360;O=C(NC[C@H]1[C@H](C(=O)Nc2ccc(Br)cc2)[C@@H]2C=C[C@H]1C21CC1)c1cccc(F)c1Cl;1580;6.801342913
CHEMBL3728768;CCN1CCC(C(=O)NC[C@H]2[C@H](C(=O)Nc3ccc(Br)cc3)[C@@H]3C=C[C@H]2C32CC2)CC1;1310;6.882728704
CHEMBL3732516;Cc1ccncc1C(=O)NC[C@H]1[C@H](C(=O)Nc2ccc(Br)cc2)[C@@H]2C=C[C@H]1C21CC1;1180;6.928117993
CHEMBL3732813;Cc1nc(CC(=O)NC[C@H]2[C@H](C(=O)Nc3ccc(Br)cc3)[C@@H]3C=C[C@H]2C32CC2)c(C)s1;710;7.148741651
CHEMBL3729199;CC(C)(C)c1csc(NC(=O)[C@H]2[C@H](C(=O)NCCCCN3CCCC3)[C@H]3C=C[C@@H]2C32CC2)n1;96300;5.016373713
CHEMBL3732365;O=C(NCCCCN1CCCC1)[C@H]1[C@H](C(=O)NCCc2ccccc2)[C@@H]2C=C[C@H]1C21CC1;7310;6.136082623
CHEMBL3731214;CC(C)CCNC(=O)[C@H]1[C@H](C(=O)NCCCCN2CCCC2)[C@H]2C=C[C@@H]1C21CC1;3520;6.453457337
CHEMBL3728166;O=C(NCCCCN1CCCC1)[C@H]1[C@H](C(=O)NCCOc2ccccc2)[C@@H]2C=C[C@H]1C21CC1;3190;6.496209317
CHEMBL3732225;O=C(NCCN1CCNC1=O)[C@H]1[C@H](C(=O)Nc2ccc(Br)cc2)[C@@H]2CC[C@H]1C21CC1;24;8.619788758
CHEMBL3729542;CN1CCCC1CCNC(=O)[C@H]1[C@H](C(=O)Nc2ccc(Br)cc2)[C@@H]2C=C[C@H]1C21CC1;58;8.236572006
CHEMBL3730024;O=C(NC1CCCNC1)[C@H]1[C@H](C(=O)Nc2ccc(Br)cc2)[C@@H]2C=C[C@H]1C21CC1;42;8.37675071
CHEMBL3728753;O=C(NCC1CCC(O)CC1)[C@H]1[C@H](C(=O)Nc2ccc(Br)cc2)[C@@H]2C=C[C@H]1C21CC1;33;8.48148606
CHEMBL3731849;NC(=O)CCNC(=O)[C@H]1[C@H](C(=O)Nc2ccc(Br)cc2)[C@@H]2C=C[C@H]1C21CC1;11;8.958607315
CHEMBL3729246;CCN(CC)CCCCNC(=O)[C@H]1[C@H](C(=O)Nc2ccc(Br)cc2)[C@@H]2C=C[C@H]1C21CC1;10;9
CHEMBL3732621;CN(C)CCNC(=O)[C@H]1[C@H](C(=O)Nc2ccc(Br)cc2)[C@@H]2C=C[C@H]1C21CC1;4;9.387216143
CHEMBL3730438;NCCCCNC(=O)[C@H]1[C@H](C(=O)Nc2ccc(Br)cc2)[C@@H]2C=C[C@H]1C21CC1;3;9.468521083
CHEMBL3728932;O=C(NC1CCNCC1)[C@H]1[C@H](C(=O)Nc2ccc(Br)cc2)[C@@H]2C=C[C@H]1C21CC1;2;9.698970004
CHEMBL3727613;NCCCCCNC(=O)[C@H]1[C@H](C(=O)Nc2ccc(Br)cc2)[C@@H]2C=C[C@H]1C21CC1;2;9.795880017
CHEMBL3731384;CC(=O)c1coc(CNC(=O)[C@H]2[C@H](C(=O)NCC(C)C)[C@H]3C=C[C@@H]2C32CC2)n1;3690;6.432973634
CHEMBL3730211;O=C(NCCC(=O)N1CCCC1)[C@H]1[C@H](C(=O)Nc2ccc(Br)cc2)[C@@H]2C=C[C@H]1C21CC1;310;7.508638306
CHEMBL3728585;O=C(NC[C@H]1[C@H](C(=O)Nc2ccc(Br)cc2)[C@@H]2C=C[C@H]1C21CC1)C1CCCC1;2000;6.698970004
CHEMBL4161249;COc1ccc(NC(=O)N[C@@H](Cc2ccc(C#N)cc2)C(=O)NCC2(c3ccc(OC(F)(F)F)cc3)CC2)cc1;;#NUM!
CHEMBL210475;CC(C)c1c(NC(=O)Nc2ccc(C(F)(F)F)cc2)c(=O)n(C2=NCCS2)n1C;14700;5.832682665
CHEMBL211555;CC(C)c1c(NC(=O)Nc2ccc(C(F)(F)F)cc2)c(=O)n(-c2cncnc2)n1C;1500;6.823908741
CHEMBL211220;CSc1ccc(NC(=O)Nc2c(C(C)C)n(C)n(-c3cncnc3)c2=O)cc1;430;7.366531544
CHEMBL211885;Cc1c(NC(=O)Nc2ccc(C(F)(F)F)cc2)c(=O)n(-c2ccccc2)n1C;1000;7
CHEMBL4547265;COC(=O)[C@@H](Cc1ccccc1)NC(=O)[C@H](Cc1c[nH]c2ccccc12)NC(=O)OC(C)(C)C;105000;4.978810701
CHEMBL3459158;COc1ccc(CNC(=O)NC2CCN(c3ccccc3)C2=O)cc1;;#NUM!
CHEMBL3407845;CC(C)C[C@H](NC(=O)[C@H](CCCCN)NC(=O)[C@H](CO)NC(=O)[C@H](CC(C)C)NC(=O)[C@H](CO)NC(=O)[C@@H](N)CO)C(=O)O;75000;5.124938737
CHEMBL5087710;CC(C)(C)OC(=O)N1CCC(N2CCC(NC(=O)Nc3ccc(Br)cc3)C2=O)CC1;63000;5.200659451
CHEMBL5078594;Cc1nn(C)cc1N1CCC(NC(=O)Nc2ccc(Br)cc2)C1=O;48800;5.311580178
CHEMBL3730922;Cl.O=C(NCCCCN1CCCC1)[C@H]1[C@H](C(=O)Nc2ccc(C(F)(F)F)nc2)[C@@H]2C=C[C@H]1C21CC1;110;7.958607315
CHEMBL3727702;CC(C)(CO)NC(=O)[C@H]1[C@H](C(=O)Nc2ncc(Br)s2)[C@@H]2CC[C@H]1C21CC1;3330;6.477555766
CHEMBL3730683;O=C(NCCO)[C@H]1[C@H](C(=O)Nc2ncc(Br)s2)[C@@H]2CC[C@H]1C21CC1;1580;6.801342913
CHEMBL3731167;CC(CCCNC(=O)[C@H]1[C@H](C(=O)Nc2ccc(Br)cc2)[C@@H]2C=C[C@H]1C21CC1)N1CCCC1.O=CO;18;8.744727495
CHEMBL3730156;O=C(NCCCCN1CCCC1)[C@H]1[C@H](C(=O)Nc2ccc(Br)c(C(F)(F)F)c2)[C@@H]2C=C[C@H]1C21CC1;38000;5.420216403
CHEMBL3729585;Cc1cc(C)cc(CNC(=O)[C@H]2[C@H](C(=O)NCCCCN3CCCC3)[C@H]3C=C[C@@H]2C32CC2)c1;79800;5.097997109
CHEMBL3733198;O=C(NCCCCN1CCCC1)[C@H]1[C@H](C(=O)NCc2ccc(F)cc2Br)[C@@H]2C=C[C@H]1C21CC1;69000;5.161150909
CHEMBL3728965;Cc1coc(NC(=O)[C@H]2[C@H](C(=O)NCCCCN3CCCC3)[C@H]3C=C[C@@H]2C32CC2)n1;57300;5.241845378
CHEMBL3729495;CC(=O)c1csc(NC(=O)[C@H]2[C@H](C(=O)NCCCCN3CCCC3)[C@H]3C=C[C@@H]2C32CC2)n1;78500;5.105130343
CHEMBL3730982;O=C(NCCCCN1CCCC1)[C@H]1[C@H](C(=O)NCCc2ccccn2)[C@@H]2C=C[C@H]1C21CC1;23900;5.621602099
CHEMBL3729130;O=C(NCC1CCCCN1)[C@H]1[C@H](C(=O)Nc2ncc(Br)s2)[C@@H]2CC[C@H]1C21CC1;21;8.677780705
CHEMBL3730036;O=C(NCCCO)[C@H]1[C@H](C(=O)Nc2ncc(Br)s2)[C@@H]2CC[C@H]1C21CC1;960;7.017728767
CHEMBL3730289;O=C(NCCCCN1CCCC1)[C@H]1[C@H](C(=O)Nc2nc(Br)cs2)[C@@H]2C=C[C@H]1C21CC1;15500;5.809668302
CHEMBL3731172;CN(C)CCNC(=O)[C@H]1[C@H](C(=O)NCCc2ccc(Cl)cc2)[C@@H]2C=C[C@H]1C21CC1;250000;4.602059991
CHEMBL3728781;COc1ccc(CCNC(=O)[C@H]2[C@H](C(=O)NCCCCN3CCCC3)[C@H]3C=C[C@@H]2C32CC2)cc1Br.O=CO;103000;4.987162775
CHEMBL3728150;Cc1ccc(CCNC(=O)[C@H]2[C@H](C(=O)NCCCCN3CCCC3)[C@H]3C=C[C@@H]2C32CC2)cc1.O=CO;39000;5.408935393
CHEMBL3733201;COc1ccc(CNC(=O)[C@H]2[C@H](C(=O)NCCCCN3CCCC3)[C@H]3C=C[C@@H]2C32CC2)cc1OC.O=CO;90500;5.043351421
CHEMBL3729077;NCCCCNC(=O)[C@H]1[C@H](C(=O)Nc2ccc(Br)cc2)[C@H]2C=C[C@@H]1C21CC1;190;7.721246399
CHEMBL3728159;CC(C)(C)OC(=O)NCCCCCNC(=O)[C@H]1[C@H](C(=O)Nc2ncc(Br)s2)[C@@H]2CC[C@H]1C21CC1;5190;6.284832642
CHEMBL3730697;NCCCCNC(=O)[C@H]1[C@H](C(=O)NCc2ccc(Br)cc2F)[C@@H]2C=C[C@H]1C21CC1;520;7.283996656
CHEMBL3730919;O=C(NCCCCN1CCCC1)[C@H]1[C@H](C(=O)NCc2ccc(Br)cc2F)[C@@H]2CC[C@H]1C21CC1;130;7.886056648
CHEMBL3731785;CC(=O)c1csc(CNC(=O)[C@H]2[C@H](C(=O)NCC3CCNCC3)[C@H]3C=C[C@@H]2C32CC2)n1;3840;6.415668776
CHEMBL3728771;NC(=O)CCNC(=O)[C@H]1[C@H](C(=O)Nc2ccc(Cl)nc2)[C@@H]2CC[C@H]1C21CC1;240;7.619788758
CHEMBL3728506;COc1ccc(NC(=O)[C@H]2[C@H](C(=O)NCCC(N)=O)[C@H]3C=C[C@@H]2C32CC2)cc1;320;7.494850022
CHEMBL3732159;NC(=O)CCNC(=O)[C@H]1[C@H](C(=O)NCc2ccc(Br)cc2F)[C@@H]2C=C[C@H]1C21CC1;1460;6.835647144
CHEMBL3730629;O=C(NCCN1CCNC1=O)[C@H]1[C@H](C(=O)Nc2ccc(Br)cc2)[C@@H]2C=C[C@H]1C21CC1;48;8.318758763
CHEMBL3728604;O=C(CC1CC1)NC[C@H]1[C@H](C(=O)Nc2ccc(Br)cc2)[C@@H]2C=C[C@H]1C21CC1;3150;6.501689446
CHEMBL3727591;COCCC(=O)N(C)C[C@H]1[C@H](C(=O)Nc2ccc(Br)cc2)[C@@H]2C=C[C@H]1C21CC1;1550;6.809668302
CHEMBL3732149;O=C(CCc1cccnc1)NC[C@H]1[C@H](C(=O)Nc2ccc(Br)cc2)[C@@H]2C=C[C@H]1C21CC1;1360;6.866461092
CHEMBL3731426;O=C(CCCN1CCCC1=O)NC[C@H]1[C@H](C(=O)Nc2ccc(Br)cc2)[C@@H]2C=C[C@H]1C21CC1;470;7.327902142
CHEMBL3730033;O=C(NC1CCCCC1)[C@H]1[C@H](C(=O)Nc2ccc(Br)cc2)[C@@H]2C=C[C@H]1C21CC1;2160;6.665546249
CHEMBL3728826;CC(C)CNC(=O)[C@H]1[C@H](C(=O)NCc2ccc(Br)cc2)[C@@H]2C=C[C@H]1C21CC1;1910;6.718966633
CHEMBL3728562;CC(C)CNC(=O)[C@H]1[C@H](C(=O)NCc2ncc(Br)s2)[C@@H]2C=C[C@H]1C21CC1;39;8.408935393
CHEMBL3730856;NC(=O)CCNC(=O)[C@H]1[C@H](C(=O)Nc2ncc(Br)s2)[C@@H]2C=C[C@H]1C21CC1;81;8.091514981
CHEMBL3727795;O=C(NCCCCN1CCCC1)[C@H]1[C@H](C(=O)Nc2ncc(Br)s2)[C@@H]2CC[C@H]1C21CC1;220;7.657577319
CHEMBL3728739;O=C(NCCCC(=O)N1CCCC1)[C@H]1[C@H](C(=O)Nc2ccc(Br)cc2)[C@@H]2C=C[C@H]1C21CC1;61;8.214670165
CHEMBL3730781;O=C(NCCCCN1CCCC1)[C@H]1[C@H](C(=O)Nc2ccc(Br)c(F)c2F)[C@@H]2C=C[C@H]1C21CC1;2360;6.627087997
CHEMBL3729184;NCc1ccc(CNC(=O)[C@H]2[C@H](C(=O)Nc3ncc(Br)s3)[C@@H]3C=C[C@H]2C32CC2)cc1;450;7.346787486
CHEMBL3732902;O=C(NCCCCN1CCCC1)[C@H]1[C@H](C(=O)Nc2ccc(Br)c(F)c2)[C@@H]2C=C[C@H]1C21CC1;9;9.060480747
CHEMBL3728297;COc1ccc(NC(=O)[C@H]2[C@H](C(=O)NCCCCN3CCCC3)[C@H]3C=C[C@@H]2C32CC2)cc1;90;8.045757491
CHEMBL3727690;COCCNC(=O)[C@H]1[C@H](C(=O)Nc2ncc(Br)s2)[C@@H]2C=C[C@H]1C21CC1;440;7.356547324
CHEMBL3732201;O=C(NCCF)[C@H]1[C@H](C(=O)NCc2ccc(Br)cc2)[C@@H]2C=C[C@H]1C21CC1;6730;6.171984936
CHEMBL3730618;Cc1csc(NC(=O)[C@H]2[C@H](C(=O)NCCCCN3CCCC3)[C@H]3C=C[C@@H]2C32CC2)n1.Cl;67200;5.172630727
CHEMBL3732907;CC(C)Oc1ccccc1CNC(=O)[C@H]1[C@H](C(=O)NCCCCN2CCCC2)[C@H]2C=C[C@@H]1C21CC1;250000;4.602059991
CHEMBL3731971;Cc1nc(NC(=O)[C@H]2[C@H](C(=O)NCCCCN3CCCC3)[C@H]3C=C[C@@H]2C32CC2)sc1C;250000;4.602059991
CHEMBL3728809;O=C(NCCCCN1CCCC1)[C@H]1[C@H](C(=O)NCc2cc(F)cc(C(F)(F)F)c2)[C@@H]2C=C[C@H]1C21CC1;90900;5.041436117
CHEMBL2391256;COc1cccc(Cc2cc(C(C)C)nn(CC(=O)Nc3ccc(Br)cc3)c2=O)c1;72000;5.142667504
CHEMBL5176452;N#Cc1ccc(C[C@@H](NC(=O)Nc2ccc(F)cc2)C(=O)NC2CCCCNC2=O)cc1;10000;6
CHEMBL5184490;N#Cc1ccc(C[C@@H](NC(=O)Nc2ccc(F)cc2)C(=O)N2CCc3cc(F)ccc32)cc1;4100;6.387216143
CHEMBL3728538;O=C(NC1CCC(O)CC1)[C@H]1[C@H](C(=O)Nc2ncc(Br)s2)[C@@H]2CC[C@H]1C21CC1;690;7.161150909
CHEMBL3730082;O=C(NCCCCN1CCCC1)[C@H]1[C@H](C(=O)Nc2cnc(Br)c(F)c2)[C@@H]2C=C[C@H]1C21CC1;1680;6.774690718
CHEMBL3732014;CC(C)CNC(=O)[C@H]1[C@H](C(=O)Nc2ncc(Br)s2)[C@@H]2CC[C@H]1C21CC1;820;7.086186148
CHEMBL4744835;COc1cc(F)c([C@@H]2CNC(=O)[C@H]2NC(=O)Nc2ccc(F)cc2)cc1F;2;9.823908741
CHEMBL3954589;Cc1nc(C(=O)Nc2cnn(Cc3nc(C(C)(C)O)co3)n2)c(-c2ccccc2)o1;103;7.987162775
CHEMBL4779558;O=C(Nc1ccc(Br)cc1)N[C@@H](CC1CC1)C(=O)Nc1cccnc1;680;7.167491087
CHEMBL3727729;O=C(NCCCN1CCCC1)[C@H]1[C@H](C(=O)Nc2ncc(Br)s2)[C@@H]2C=C[C@H]1C21CC1;3050;6.515700161
CHEMBL3730056;O=C(NCCCCN1CCC[C@H]1F)[C@H]1[C@H](C(=O)Nc2ccc(Br)cc2)[C@@H]2C=C[C@H]1C21CC1;3;9.522878745
CHEMBL3731458;Cc1[nH]ncc1CCCNC(=O)[C@H]1[C@H](C(=O)Nc2ccc(Br)cc2)[C@@H]2C=C[C@H]1C21CC1;1680;6.774690718
CHEMBL3731308;O=C(NCCCCN1CCCC1)[C@H]1[C@H](C(=O)Nc2ccc(C(F)(F)F)cc2)[C@@H]2CC[C@H]1C21CC1;54;8.26760624
CHEMBL3728558;CC(C)(C)OC(=O)N1CCCC1CNC(=O)[C@H]1[C@H](C(=O)Nc2ccc(Br)cc2)[C@@H]2C=C[C@H]1C21CC1;960;7.017728767
CHEMBL3731561;CC(C)(C)OC(=O)NCCCCCNC(=O)[C@H]1[C@H](C(=O)Nc2ccc(Br)cc2)[C@@H]2C=C[C@H]1C21CC1;270;7.568636236
CHEMBL3728603;CCCC(=O)NC[C@H]1[C@H](C(=O)Nc2ccc(Br)cc2)[C@@H]2C=C[C@H]1C21CC1;5050;6.296708622
CHEMBL3729083;CN(C)CC(=O)NC[C@H]1[C@H](C(=O)Nc2ccc(Br)cc2)[C@@H]2C=C[C@H]1C21CC1;2650;6.576754126
CHEMBL3731676;Cc1nc(CC(=O)NC[C@H]2[C@H](C(=O)Nc3ccc(Br)cc3)[C@@H]3C=C[C@H]2C32CC2)cs1;2520;6.598599459
CHEMBL3730950;COc1ccccc1CCNC(=O)[C@H]1[C@H](C(=O)NCCCCN2CCCC2)[C@H]2C=C[C@@H]1C21CC1;250000;4.602059991
CHEMBL3727736;O=C(NCCCCN1CCCC1)[C@H]1[C@H](C(=O)NCCn2ccc3ccccc32)[C@@H]2C=C[C@H]1C21CC1;250000;4.602059991
CHEMBL3727450;Cc1cc2ccccc2n1CCCNC(=O)[C@H]1[C@H](C(=O)NCCCCN2CCCC2)[C@H]2C=C[C@@H]1C21CC1;250000;4.602059991
CHEMBL3729642;O=C(NCCCCN1CCCC1)[C@H]1[C@H](C(=O)Nc2ccc3[nH]ccc3c2)[C@@H]2C=C[C@H]1C21CC1;74100;5.130181792
CHEMBL3730904;O=C(NCCCCN1CCCC1)[C@H]1[C@H](C(=O)NCCCn2ccnc2)[C@@H]2C=C[C@H]1C21CC1;8350;6.078313525
CHEMBL3729722;O=C(NCCCCN1CCCC1)[C@H]1[C@H](C(=O)NCc2ccc(Br)cc2)[C@@H]2C=C[C@H]1C21CC1;470;7.327902142
CHEMBL3727697;Cc1nc(CCNC(=O)[C@H]2[C@H](C(=O)Nc3ccc(Br)cc3)[C@@H]3CC[C@H]2C32CC2)[nH]c1C;83;8.080921908
CHEMBL3728559;O=C(NCCCO)[C@H]1[C@H](C(=O)Nc2ccc(Br)cc2)[C@@H]2CC[C@H]1C21CC1;18;8.744727495
CHEMBL3730874;NC(=O)CCNC(=O)[C@H]1[C@H](C(=O)Nc2ccc(Br)cc2)[C@@H]2CC[C@H]1C21CC1;5;9.337242168
CHEMBL3728883;CC(C)(C)OC(=O)CCCNC(=O)[C@H]1[C@H](C(=O)Nc2ccc(Br)cc2)[C@@H]2C=C[C@H]1C21CC1;1910;6.718966633
CHEMBL4744094;COc1ccc([C@@H]2CNC(=O)[C@H]2NC(=O)Nc2ccc(Cl)cc2)cc1;2;9.744727495
CHEMBL3730819;O=C(NCCCCN1CCCC1)[C@H]1[C@H](C(=O)Nc2nc3ccccc3s2)[C@@H]2C=C[C@H]1C21CC1;22700;5.643974143
CHEMBL5079187;O=C(Nc1ccc(Br)cc1)NC1CCN(c2cnn(-c3ccccc3)c2)C1=O;;#NUM!
CHEMBL5085818;O=C(Nc1ccc(Br)cc1)NC1CCN(C2CCN(Cc3ccccc3)C2)C1=O;7000;6.15490196
CHEMBL5087410;CC(C)(C)OC(=O)N1CCC[C@H](N2CCC(NC(=O)Nc3ccc(Br)cc3)C2=O)C1;13800;5.860120914
CHEMBL5077704;CC(NC(=O)NC1CC(C)N(c2ccccc2)C1=O)c1ccncc1;;#NUM!
CHEMBL5076914;O=C(Nc1ccc(Br)cc1)NC1CCN(c2ccccc2)C1=O;3000;6.522878745
CHEMBL5208024;COc1cc(F)c([C@@H]2CNC(=O)[C@H]2c2nc3cc(OC)ccc3[nH]2)c(F)c1;50000;5.301029996
CHEMBL5195406;COc1cc(F)c([C@@H]2CNC(=O)[C@H]2c2nc3c(Cl)cccc3[nH]2)c(F)c1;100000;5
CHEMBL5195336;COc1cc(F)c([C@@H]2CNC(=O)[C@H]2Nc2nc(-c3ccc(Cl)cc3)no2)c(F)c1;35000;5.455931956
CHEMBL3728194;CC(C)(C)OC(=O)NCCCCNC(=O)[C@H]1[C@H](C(=O)Nc2ncc(Br)s2)[C@@H]2CC[C@H]1C21CC1;4670;6.330683119
CHEMBL3728830;O=C(NCCCCN1CCCC1)[C@H]1[C@H](C(=O)NCc2ccc(Br)c(F)c2)[C@@H]2C=C[C@H]1C21CC1;1170;6.931814138
CHEMBL3727453;CN(C)CCNC(=O)[C@H]1[C@H](C(=O)NCc2ccc(Br)cc2)[C@@H]2C=C[C@H]1C21CC1;2900;6.537602002
CHEMBL3730534;Cl.O=C(NCCCCN1CCCC1)[C@H]1[C@H](C(=O)Nc2nnc(C(F)(F)F)s2)[C@@H]2C=C[C@H]1C21CC1;60100;5.221125528
CHEMBL4169807;Cc1ccc(C2(CNC(=O)[C@H](Cc3ccc(C#N)cc3)NC(=O)Nc3ccc(F)cc3)CC2)cc1F;17000;5.769551079
CHEMBL3728521;NCC1CCN(C(=O)[C@H]2[C@H](C(=O)Nc3ncc(Br)s3)[C@@H]3CC[C@H]2C32CC2)CC1;62;8.207608311
CHEMBL4162303;N#Cc1ccc(C[C@@H](NC(=O)Nc2ccc([N+](=O)[O-])cc2)C(=O)NCC2(c3ccccc3)CC2)cc1;15000;5.823908741
CHEMBL4172556;O=C(Nc1ccc([N+](=O)[O-])cc1)N[C@H](Cc1cccnc1)C(=O)NCC1(c2ccccc2)CC1;29000;5.537602002
CHEMBL4170646;N#Cc1ccc(C[C@@H](NC(=O)Nc2ccc(F)cc2)C(=O)NCC2(c3ccc(OC(F)(F)F)cc3)CC2)cc1;;#NUM!
CHEMBL4169807;Cc1ccc(C2(CNC(=O)[C@H](Cc3ccc(C#N)cc3)NC(=O)Nc3ccc(F)cc3)CC2)cc1F;30000;5.522878745
CHEMBL4743084;COc1ccc([C@@H]2CNC(=O)[C@H]2NC(=O)Nc2ccc(F)cc2)c(C)c1;16;8.795880017
CHEMBL3732086;NC(=O)CCNC(=O)[C@H]1[C@H](C(=O)NCc2ccc(Br)nc2)[C@@H]2CC[C@H]1C21CC1;79;8.102372909
CHEMBL3729806;CCOCCCNC(=O)[C@H]1[C@H](C(=O)NCc2ccc(Br)cc2)[C@@H]2C=C[C@H]1C21CC1;8990;6.046240308
CHEMBL3728646;Cl.O=C(NCCCCN1CCCC1)[C@H]1[C@H](C(=O)Nc2ccc3ncoc3c2)[C@@H]2C=C[C@H]1C21CC1;4920;6.308034897
CHEMBL3727715;Cc1ccc(NC(=O)[C@H]2[C@H](C(=O)NCCCCN3CCCC3)[C@H]3C=C[C@@H]2C32CC2)cn1.Cl;1310;6.882728704
CHEMBL3731186;O=C(NCCCCN1CCCC1)[C@H]1[C@H](C(=O)Nc2nc3ccc(F)cc3s2)[C@@H]2C=C[C@H]1C21CC1;76000;5.119186408
CHEMBL3728352;O=C(NCCCc1nc2ccccc2[nH]1)[C@H]1[C@H](C(=O)NCc2ccc(Br)cc2)[C@@H]2C=C[C@H]1C21CC1;2160;6.665546249
CHEMBL3732960;CC(=O)c1ccc(CNC(=O)[C@H]2[C@H](C(=O)NCCCCN3CCCC3)[C@H]3C=C[C@@H]2C32CC2)o1;280;7.552841969
CHEMBL3728174;O=C(NCCCCN1CCCC1)[C@H]1[C@H](C(=O)Nc2cccc3nonc23)[C@@H]2C=C[C@H]1C21CC1;91200;5.040005162
CHEMBL3732146;O=C(NCCCCN1CCCC1)[C@H]1[C@H](C(=O)Nc2nc(-c3ccc(Cl)cc3)cs2)[C@@H]2C=C[C@H]1C21CC1;84400;5.073657553
CHEMBL3730215;O=C(NC1CC1)[C@H]1[C@H](C(=O)Nc2ccc(Br)cc2)[C@@H]2CC[C@H]1C21CC1;820;7.086186148
CHEMBL4538076;COC(=O)[C@@H](CC1CCCCC1)NC(=O)[C@H](Cc1c[nH]c2ccccc12)NC(=O)c1ccccc1;;#NUM!
CHEMBL5085818;O=C(Nc1ccc(Br)cc1)NC1CCN(C2CCN(Cc3ccccc3)C2)C1=O;27000;5.568636236
CHEMBL5093348;O=C(Nc1ccc(Br)cc1)NC1CCN(C2CCN(c3ncccn3)CC2)C1=O;80;8.096910013
CHEMBL5083494;CC(NC(=O)NC1CCN(c2ccccc2)C1=O)c1ccncc1;;#NUM!
CHEMBL5084705;Cn1cc(N2CCC(NC(=O)NCc3cc(F)cc(F)c3)C2=O)cn1;;#NUM!
CHEMBL5088171;O=C(Nc1ccc(Br)cc1)NC1CCN(c2cnn(-c3ccncc3)c2)C1=O;37600;5.424812155
CHEMBL3731489;NC(=O)CCC(=O)NC[C@H]1[C@H](C(=O)Nc2ccc(Br)cc2)[C@@H]2C=C[C@H]1C21CC1;1140;6.943095149
CHEMBL3732612;CC(C)(C)c1cc(NC(=O)[C@H]2[C@H](C(=O)NCCCCN3CCCC3)[C@H]3C=C[C@@H]2C32CC2)no1;36500;5.437707136
CHEMBL3732885;CC(NC(=O)[C@H]1[C@H](C(=O)NCCCCN2CCCC2)[C@H]2C=C[C@@H]1C21CC1)c1ccc(Br)cc1;8980;6.046723663
CHEMBL3729552;O=C(NCCCCN1CCCC1)[C@H]1[C@H](C(=O)Nc2ncc(Br)s2)[C@@H]2C=C[C@H]1C21CC1;170;7.769551079
CHEMBL3729242;O=C(NCCCN1CCCC1)[C@H]1[C@H](C(=O)Nc2ccc(Br)cc2)[C@@H]2CC[C@H]1C21CC1;160;7.795880017
CHEMBL5187563;N#Cc1ccc(C[C@H](NC(=O)Nc2ccc(F)cc2)C(=O)N2CCc3ccc(F)cc3C2)cc1;4500;6.346787486
CHEMBL3729493;O=C(NCCCCN1CCCC1)[C@H]1[C@H](C(=O)NCCc2ccc3c(c2)OCO3)[C@@H]2C=C[C@H]1C21CC1.O=CO;76800;5.11463878
CHEMBL3732539;O=C(NCCCCN1CCCC1)[C@H]1[C@H](C(=O)Nc2ccc(Br)c(Cl)c2)[C@@H]2C=C[C@H]1C21CC1;3670;6.435333936
CHEMBL3731200;COc1ccc(NC(=O)[C@H]2[C@H](C(=O)NCCC(=O)O)[C@H]3C=C[C@@H]2C32CC2)cc1;5160;6.287350298
CHEMBL5076914;O=C(Nc1ccc(Br)cc1)NC1CCN(c2ccccc2)C1=O;73600;5.133122186
CHEMBL4751168;COc1ccc([C@@H]2CNC(=O)[C@H]2NC(=O)Nc2ccc(F)cc2)cc1F;9;9.045757491
CHEMBL209102;Cc1c(NC(=O)Nc2ccc3c(c2)OCO3)c(=O)n(-c2ccccc2)n1C;58800;5.230622674
CHEMBL4744094;COc1ccc([C@@H]2CNC(=O)[C@H]2NC(=O)Nc2ccc(Cl)cc2)cc1;1;10.03621217
CHEMBL4743917;COc1ccc([C@@H]2CNC(=O)[C@H]2NC(=O)Nc2ccc(F)cc2)cc1;1;10.07058107
CHEMBL4793557;O=C(Nc1ccc(F)cc1)N[C@@H]1C(=O)NC[C@H]1c1ccc(Cl)cc1F;31;8.508638306
CHEMBL4784510;COc1cc(F)c([C@@H]2CNC(=O)[C@H]2NC(=O)Nc2ccccc2)c(F)c1;4;9.387216143
CHEMBL4762222;O=C(CNC(=O)Nc1ccc(Br)cc1)Nc1cccnc1;7300;6.13667714
CHEMBL562380;COc1ccc(Cc2cc(C)nn(CC(=O)Nc3ccc(Br)cc3)c2=O)cc1;38000;5.420216403
CHEMBL4756434;O=C(Nc1ccc(Br)cc1)NC(C(=O)Nc1cccnc1)C1CC1;78000;5.107905397
CHEMBL4781488;CNc1cc(F)c([C@@H]2CNC(=O)[C@H]2NC(=O)Nc2ccc(F)cc2)c(F)c1;14;8.853871964
CHEMBL4763673;COc1cc(F)c([C@@H]2CNC(=O)[C@H]2NC(=O)Nc2ccc(C)cc2)c(F)c1;20;8.698970004
CHEMBL3730858;COc1ccc(C)cc1CNC(=O)[C@H]1[C@H](C(=O)NCCCCN2CCCC2)[C@H]2C=C[C@@H]1C21CC1;250000;4.602059991
CHEMBL3727532;CC(=O)c1cccc(CNC(=O)[C@H]2[C@H](C(=O)NCCCCN3CCCC3)[C@H]3C=C[C@@H]2C32CC2)c1;83500;5.078313525
CHEMBL3733340;NCCCCCNC(=O)[C@H]1[C@H](C(=O)Nc2ccc(Br)cc2)[C@H]2C=C[C@@H]1C21CC1;300;7.522878745
CHEMBL3728245;NCCCCCNC(=O)[C@H]1[C@H](C(=O)Nc2ncc(Br)s2)[C@@H]2C=C[C@H]1C21CC1;6;9.214670165
CHEMBL3732601;NCc1cccc(CNC(=O)[C@H]2[C@H](C(=O)NCc3ccc(Br)cc3)[C@@H]3C=C[C@H]2C32CC2)c1;590;7.229147988
CHEMBL3728499;NC(=O)CCNC(=O)[C@H]1[C@H](C(=O)NCc2ccc(Br)cc2F)[C@@H]2CC[C@H]1C21CC1;710;7.148741651
CHEMBL3729600;CN(C)CCCNC(=O)[C@H]1[C@H](C(=O)Nc2ncc(Br)s2)[C@@H]2C=C[C@H]1C21CC1;610;7.214670165
CHEMBL3589947;COc1ccc(NC(=O)N[C@@H](Cc2c[nH]c3ccccc23)C(=O)NCC2(c3ccnc(F)c3)CCCCC2)cc1;16000;5.795880017
CHEMBL4173297;O=C(Nc1ccc([N+](=O)[O-])cc1)N[C@@H](Cc1c[nH]c2ccccc12)C(=O)NCC1(c2ccccc2)CC1;76000;5.119186408
CHEMBL4758129;N#Cc1cc(F)c([C@@H]2CNC(=O)[C@H]2NC(=O)Nc2ccc(F)cc2)c(F)c1;97;8.013228266
CHEMBL4758920;COc1cc(F)c([C@@H]2CNC(=O)[C@H]2NC(=O)Nc2ccc(Cl)cc2)c(F)c1;1;9.958607315
CHEMBL4444413;COC(=O)[C@H](Cc1ccccc1)NC(=O)[C@@H](Cc1c[nH]c2ccccc12)NC(=O)c1ccccc1;;#NUM!
CHEMBL1290698;COc1ccc2[nH]c(SCC(=O)Nc3ccc(OC)c(OC)c3)nc2c1;47000;5.327902142
CHEMBL3590207;CCOC(=O)C1CCN(C(=O)[C@H](Cc2ccccc2)NC(=O)Nc2ccc(Br)cc2)CC1;1600;6.795880017
CHEMBL3588928;CSc1ccc(NC(=O)N[C@@H](Cc2ccccc2)C(=O)N2CCCCC2)cc1;3000;6.522878745
CHEMBL4761978;O=C(Nc1ccc(Br)cc1)NC(C(=O)Nc1cncnc1)C1CCCC1;63300;5.19859629
CHEMBL4755656;CC(=O)c1coc(Cn2ccc(NC(=O)c3ncoc3-c3ccccc3)n2)n1;100;8
CHEMBL4455225;COC(=O)[C@@H](CC(C)C)NC(=O)[C@H](Cc1c[nH]c2ccccc12)NC(=O)c1ccccc1;109000;4.962573502
CHEMBL3730451;Cl.O=C(NCCCCN1CCCC1)[C@H]1[C@H](C(=O)Nc2cnc(Br)cn2)[C@@H]2C=C[C@H]1C21CC1;79;8.102372909
CHEMBL3731251;O=C(NCCCc1nc2ccccc2[nH]1)[C@H]1[C@H](C(=O)Nc2ncc(Br)s2)[C@@H]2C=C[C@H]1C21CC1;1740;6.759450752
CHEMBL3731379;CC(=O)c1nc(CNC(=O)[C@H]2[C@H](C(=O)NCCCCN3CCCC3)[C@H]3C=C[C@@H]2C32CC2)co1;1530;6.815308569
CHEMBL3729738;O=C(NCCCCN1CCCC1)[C@H]1[C@H](C(=O)NCc2ccc(OC(F)(F)F)cc2)[C@@H]2C=C[C@H]1C21CC1.O=CO;12600;5.899629455
CHEMBL3729552;O=C(NCCCCN1CCCC1)[C@H]1[C@H](C(=O)Nc2ncc(Br)s2)[C@@H]2C=C[C@H]1C21CC1;64;8.193820026
CHEMBL3727461;CC(=O)c1ncc(CNC(=O)[C@H]2[C@H](C(=O)NCCCCN3CCCC3)[C@H]3C=C[C@@H]2C32CC2)s1;9940;6.002613616
CHEMBL3730852;CNC(=O)CCNC(=O)[C@H]1[C@H](C(=O)Nc2ccc(Br)cc2)[C@@H]2C=C[C@H]1C21CC1;32;8.494850022
CHEMBL3728644;O=C(NCCCCN1CCOCC1)[C@H]1[C@H](C(=O)Nc2ccc(Br)cc2)[C@@H]2C=C[C@H]1C21CC1;5;9.27572413
CHEMBL3729082;O=C(NCCCCN1CCCC1)[C@H]1[C@H](C(=O)NCc2ccc(Br)cc2F)[C@@H]2C=C[C@H]1C21CC1;240;7.619788758
CHEMBL3727417;Cc1cc(C)n(CCC(=O)NC[C@H]2[C@H](C(=O)Nc3ccc(Br)cc3)[C@@H]3C=C[C@H]2C32CC2)n1;130;7.886056648
CHEMBL3729760;Cn1c(CCNC(=O)[C@H]2[C@H](C(=O)NCCCCN3CCCC3)[C@H]3C=C[C@@H]2C32CC2)nc2ccccc21;250000;4.602059991
CHEMBL3730358;CC(=O)CCCCNC(=O)[C@H]1[C@H](C(=O)NCCCCN2CCCC2)[C@H]2C=C[C@@H]1C21CC1;950;7.022276395
CHEMBL3732930;CCCCCNC(=O)[C@H]1[C@H](C(=O)NCCCCN2CCCC2)[C@H]2C=C[C@@H]1C21CC1;790;7.102372909
CHEMBL3731671;O=C(NCCCCN1CCCC1)[C@H]1[C@H](C(=O)Nc2ccc(Br)cc2)[C@@H]2CC[C@H]1C21CC1;4;9.455931956
CHEMBL4169174;COc1ccc(NC(=O)N[C@H](Cc2ccc(C#N)cc2)C(=O)NCC2(c3ccc(OC(F)(F)F)cc3)CC2)cc1;;#NUM!
CHEMBL4166385;COc1ccc(NC(=O)N[C@@H](Cc2ccc(C#N)cc2)C(=O)NCC2(c3ccc(C)c(F)c3)CC2)cc1;163000;4.787812396
CHEMBL4170201;COc1ccc(NC(=O)N[C@H](Cc2ccc(C#N)cc2)C(=O)NCC2(c3ccc(F)c(Cl)c3)CC2)cc1;18000;5.744727495
CHEMBL4159569;COc1ccc(NC(=O)N[C@@H](Cc2ccc(C#N)cc2)C(=O)NCC2(c3ccc(F)c(Cl)c3)CC2)cc1;34000;5.468521083
CHEMBL4789579;COc1ccc(NC(=O)N[C@@H]2C(=O)NC[C@H]2c2c(F)cc(OC)cc2F)cc1;32;8.494850022
CHEMBL4776349;COc1cc(F)c([C@@H]2CNC(=O)[C@H]2NC(=O)Nc2ccc(Cl)c(O)c2)c(F)c1;1;10.30103
CHEMBL4161249;COc1ccc(NC(=O)N[C@@H](Cc2ccc(C#N)cc2)C(=O)NCC2(c3ccc(OC(F)(F)F)cc3)CC2)cc1;;#NUM!
CHEMBL4161887;Cc1ccc(C2(CNC(=O)[C@@H](Cc3ccc(C#N)cc3)NC(=O)Nc3ccc(F)cc3)CC2)cc1F;;#NUM!
CHEMBL379761;CC(C)c1c(NC(=O)Nc2ccc(Cl)cc2)c(=O)n(-c2ccccc2)n1C;440;7.356547324
CHEMBL3731133;NC(=O)CCNC(=O)[C@H]1[C@H](C(=O)Nc2ncc(Br)s2)[C@@H]2CC[C@H]1C21CC1;150;7.823908741
CHEMBL3728125;O=C(NCCCCN1CCCC1)[C@H]1[C@H](C(=O)NCc2ccc(Cl)cc2)[C@@H]2C=C[C@H]1C21CC1.O=CO;310;7.508638306
CHEMBL3731035;CCN1CCN(CCCCNC(=O)[C@H]2[C@H](C(=O)Nc3ccc(Br)cc3)[C@@H]3C=C[C@H]2C32CC2)CC1;23;8.638272164
CHEMBL3732650;Cc1cc(C(=O)N(C)C[C@H]2[C@H](C(=O)Nc3ccc(Br)cc3)[C@@H]3C=C[C@H]2C32CC2)nn1C;3030;6.518557371
CHEMBL3732583;CN(C[C@H]1[C@H](C(=O)Nc2ccc(Br)cc2)[C@@H]2C=C[C@H]1C21CC1)C(=O)Cc1ccccc1Cl;2980;6.525783736
CHEMBL4794472;Cc1ccc(NC(=O)C2(NC(=O)Nc3ccc(Br)cc3)CCCC2)cn1;6000;6.22184875
CHEMBL4781596;COc1cc(F)c([C@@H]2CNC(=O)[C@H]2NC(=O)Nc2ccc(F)cc2)c(F)c1;1;9.853871964
CHEMBL4784510;COc1cc(F)c([C@@H]2CNC(=O)[C@H]2NC(=O)Nc2ccccc2)c(F)c1;50;8.301029996
CHEMBL4762142;O=C(Nc1ccc(Br)cc1)NC(C(=O)Nc1cccnc1)C1CCCC1;7400;6.13076828
CHEMBL4791407;O=C(Nc1ccc(Br)cc1)NC(C(=O)Nc1cccnc1)C1CCOCC1;41700;5.379863945
CHEMBL4748148;O=C(Nc1ccc(Br)cc1)NC(C(=O)Nc1cccnn1)C1CCCC1;14100;5.850780887
CHEMBL4779558;O=C(Nc1ccc(Br)cc1)N[C@@H](CC1CC1)C(=O)Nc1cccnc1;13500;5.869666232
CHEMBL4757408;O=C(Nc1ccc(Br)cc1)NC(C(=O)NC1CCOCC1)C1CCCC1;100000;5
CHEMBL4753713;COc1cnc([C@@H]2CNC(=O)[C@H]2NC(=O)Nc2ccc(F)cc2)c(F)c1;4;9.443697499
CHEMBL4793549;O=C(Nc1ccc(Br)cc1)NC(C(=O)NC1CNC1)C1CCCC1;38500;5.41453927
CHEMBL4762222;O=C(CNC(=O)Nc1ccc(Br)cc1)Nc1cccnc1;100000;5
CHEMBL4748148;O=C(Nc1ccc(Br)cc1)NC(C(=O)Nc1cccnn1)C1CCCC1;700;7.15490196
CHEMBL4168567;COc1ccc(NC(=O)N[C@@H](Cc2c[nH]c3ccccc23)C(=O)NCC2(c3ccccc3)CC2)cc1;1100;6.958607315
CHEMBL3589947;COc1ccc(NC(=O)N[C@@H](Cc2c[nH]c3ccccc23)C(=O)NCC2(c3ccnc(F)c3)CCCCC2)cc1;126000;4.899629455
CHEMBL3590069;COc1ccc(NC(=O)N[C@@H](Cc2c[nH]c3ccccc23)C(=O)NCC2(c3ccccc3)CCCCC2)cc1;;#NUM!
CHEMBL4465341;COC(=O)[C@@H](Cc1ccccc1)NC(=O)[C@@H](Cc1c[nH]c2ccccc12)NC(=O)c1ccccc1;;#NUM!
CHEMBL4756217;COc1ccc([C@@H]2NC(=O)[C@H]2NC(=O)Nc2ccc(Cl)cc2)cc1;1000;7
CHEMBL4761559;CC(C)n1cc(NC(=O)C2(NC(=O)Nc3ccc(Br)cc3)CCCC2)cn1;11000;5.958607315
CHEMBL4797594;O=C(Nc1ccc(Br)cc1)NC1(C(=O)Nc2cccnc2)CCCC1;2500;6.602059991
CHEMBL4739971;Cc1cncc(NC(=O)C2(NC(=O)Nc3ccc(Br)cc3)CCCC2)c1;17500;5.756961951
CHEMBL4742937;CC(C)C[C@H](NC(=O)Nc1ccc(Br)cc1)C(=O)Nc1cccnc1;42600;5.370590401
CHEMBL4793814;COc1ccc([C@@H]2CNC(=O)[C@@H]2NC(=O)Nc2ccc(Cl)cc2)cc1;9;9.040958608
CHEMBL4740375;COc1ccc(C2CNC(=O)C2NC(=O)Nc2ccc(Cl)cc2)cc1;46;8.337242168
CHEMBL4797598;COc1cc(F)c([C@@H]2CNC(=O)[C@H]2NC(=O)Nc2ccccc2F)c(F)c1;430;7.366531544
CHEMBL1289260;COc1ccc(CCNC(=O)Nc2ccc(Cl)cc2)cc1;9900;6.004364805
CHEMBL4760555;COc1ccc(CC(CO)NC(=O)Nc2ccc(Cl)cc2)cc1;68;8.167491087
CHEMBL4749577;COc1cc(F)c([C@@H]2CNC(=O)[C@H]2NC(=O)Nc2cc3ccccc3s2)c(F)c1;8;9.119186408
CHEMBL3727812;O=C(NCCO)[C@H]1[C@H](C(=O)Nc2ccc(Br)cc2)[C@@H]2C=C[C@H]1C21CC1;61;8.214670165
CHEMBL3731297;O=C(NCCCN1CCCC1)[C@H]1[C@H](C(=O)Nc2ccc(Br)cc2)[C@@H]2C=C[C@H]1C21CC1;49;8.30980392
CHEMBL3727847;Cc1nonc1CNC(=O)[C@H]1[C@H](C(=O)NCCCCN2CCCC2)[C@H]2C=C[C@@H]1C21CC1;77100;5.112945622
CHEMBL3731244;CC(=O)c1nc(CNC(=O)[C@H]2[C@H](C(=O)NCCCCN3CCCC3)[C@H]3C=C[C@@H]2C32CC2)cs1;32300;5.490797478
CHEMBL3729697;O=C(NCCCCN1CCCC1)[C@H]1[C@H](C(=O)NCc2c(F)cc(F)cc2F)[C@@H]2C=C[C@H]1C21CC1;15400;5.812479279
CHEMBL3732345;O=C(NCCCCN1CCCC1)[C@H]1[C@H](C(=O)NCc2ccc(Br)c(F)c2F)[C@@H]2C=C[C@H]1C21CC1;400;7.397940009
CHEMBL3730548;O=C(NC1CCNCC1)[C@H]1[C@H](C(=O)Nc2ncc(Br)s2)[C@@H]2C=C[C@H]1C21CC1;170;7.769551079
CHEMBL3729342;O=C(NCCCCN1CCCC1)[C@H]1[C@H](C(=O)NCc2c(F)cc(Br)cc2F)[C@@H]2C=C[C@H]1C21CC1;280;7.552841969
CHEMBL3733076;CC(=O)c1csc(CNC(=O)[C@H]2[C@H](C(=O)NCCCN(C)C)[C@H]3C=C[C@@H]2C32CC2)n1;2880;6.540607512
CHEMBL3730873;Cc1cc(CNC(=O)[C@H]2[C@H](C(=O)NCCCCN3CCCC3)[C@H]3C=C[C@@H]2C32CC2)no1.Cl;400;7.397940009
CHEMBL3730675;O=C(NC1CCN(Cc2ccccc2)CC1)[C@H]1[C@H](C(=O)Nc2ccc(Br)cc2)[C@@H]2C=C[C@H]1C21CC1;1230;6.910094889
CHEMBL3732008;O=C(NCC(c1ccccc1)N1CCOCC1)[C@H]1[C@H](C(=O)Nc2ccc(Br)cc2)[C@@H]2C=C[C@H]1C21CC1;800;7.096910013
CHEMBL3732502;CC(C)CCN1CCC(NC(=O)[C@H]2[C@H](C(=O)Nc3ccc(Br)cc3)[C@@H]3C=C[C@H]2C32CC2)CC1;580;7.236572006
CHEMBL4161946;COc1ccc(NC(=O)N[C@H](Cc2c[nH]c3ccccc23)C(=O)NCC2(c3ccccc3)CC2)cc1;65000;5.187086643
CHEMBL4162930;N#Cc1ccc(C[C@H](NC(=O)Nc2ccc(F)cc2)C(=O)NCC2(c3ccc(F)c(Cl)c3)CC2)cc1;39000;5.408935393
CHEMBL4176353;O=C(Nc1ccccc1)N[C@@H](Cc1c[nH]c2ccccc12)C(=O)NCC1(c2ccccc2)CC1;15000;5.823908741
CHEMBL4162303;N#Cc1ccc(C[C@@H](NC(=O)Nc2ccc([N+](=O)[O-])cc2)C(=O)NCC2(c3ccccc3)CC2)cc1;41000;5.387216143
CHEMBL4164673;O=C(Nc1ccc([N+](=O)[O-])cc1)N[C@@H](Cc1cccnc1)C(=O)NCC1(c2ccccc2)CC1;7300;6.13667714
CHEMBL4170646;N#Cc1ccc(C[C@@H](NC(=O)Nc2ccc(F)cc2)C(=O)NCC2(c3ccc(OC(F)(F)F)cc3)CC2)cc1;;#NUM!
CHEMBL4173645;N#Cc1ccc(C[C@@H](NC(=O)Nc2ccc(F)cc2)C(=O)NCC2(c3ccc(F)c(Cl)c3)CC2)cc1;13000;5.886056648
CHEMBL5080179;CC(C)(C)OC(=O)N1CC(N2CCC(NC(=O)Nc3ccc(Br)cc3)C2=O)C1;4100;6.387216143
CHEMBL5207660;COc1cc(F)c([C@@H]2CNC(=O)[C@H]2Nc2nnc(-c3cccc(Cl)c3)o2)c(F)c1;100000;5
CHEMBL5088283;N#Cc1ccc(NC(=O)NC2CCN(c3ccccc3F)C2=O)cc1;150000;4.823908741
CHEMBL3932747;COc1cccc(-c2oc(C)nc2C(=O)Nc2cnn(Cc3nc(C(C)(C)O)co3)n2)c1;127;7.896196279
CHEMBL4784400;COc1ccc([C@@H]2CCNC(=O)[C@H]2NC(=O)Nc2ccc(Cl)cc2)cc1;1;9.958607315
CHEMBL5185462;N#Cc1ccc(C[C@H](NC(=O)Nc2ccc(F)cc2)C(=O)N2CCc3cccnc32)cc1;1600;6.795880017
CHEMBL4779714;Cc1nn(C)cc1NC(=O)C1(NC(=O)Nc2ccc(Br)cc2)CCCC1;890;7.050609993
CHEMBL3590074;COc1ccc(NC(=O)N[C@H](Cc2c[nH]c3ccccc23)C(=O)NCC2(c3ccccn3)CCCCC2)cc1;3100;6.508638306
CHEMBL5076914;O=C(Nc1ccc(Br)cc1)NC1CCN(c2ccccc2)C1=O;4300;6.366531544
CHEMBL4763824;COc1cc(F)c([C@@H]2CNC(=O)[C@H]2NC(=O)Nc2cccc(F)c2)c(F)c1;10;9.022276395
CHEMBL4742149;COc1cc(F)c([C@@H]2CNC(=O)[C@H]2NC(=O)Nc2ccc(C#N)cc2)c(F)c1;8;9.107905397
CHEMBL4762030;COc1cc(F)c([C@@H]2CNC(=O)[C@H]2NC(=O)Nc2ccc(F)c(F)c2)c(F)c1;2;9.795880017
CHEMBL4790836;COc1cc(F)c([C@@H]2CNC(=O)[C@H]2NC(=O)Nc2ccc(C)c(O)c2)c(F)c1;1;10.1079054
CHEMBL5190385;COc1cc(F)c([C@@H]2CNC(=O)[C@H]2Nc2nnc(-c3ccc(Cl)cc3)o2)c(F)c1;320;7.494850022
CHEMBL5180535;COc1cc(F)c([C@@H]2CNC(=O)[C@H]2Nc2nnc(-c3ccccc3Cl)o2)c(F)c1;100000;5
CHEMBL5090603;CC(C)(C)OC(=O)N1CCC(CN2CCC(NC(=O)Nc3ccc(Br)cc3)C2=O)CC1;4000;6.397940009
CHEMBL5180261;CC1(C)CN(C(=O)[C@@H](Cc2ccc(C#N)cc2)NC(=O)Nc2ccc(F)cc2)c2ccccc21;69000;5.161150909
CHEMBL4759517;O=C(Nc1ccc(Br)cc1)NC(C(=O)NCC1CCCO1)C1CCCC1;5400;6.26760624
CHEMBL4757032;O=C(Nc1ccc(Br)cc1)NC(C(=O)NC1COC1)C1CCCC1;100000;5
CHEMBL5085435;O=C(Nc1ccc(Br)cc1)NC1CCN(CC2CCN(Cc3ccccc3)CC2)C1=O;22500;5.647817482
CHEMBL5185842;COc1cc(F)c([C@@H]2CNC(=O)[C@H]2c2nc3cc(Cl)cnc3[nH]2)c(F)c1;400;7.397940009
CHEMBL5084515;CC1CC(NC(=O)NCc2nccn2C)C(=O)N1c1ccccc1;;#NUM!
CHEMBL5090603;CC(C)(C)OC(=O)N1CCC(CN2CCC(NC(=O)Nc3ccc(Br)cc3)C2=O)CC1;21600;5.665546249
CHEMBL379761;CC(C)c1c(NC(=O)Nc2ccc(Cl)cc2)c(=O)n(-c2ccccc2)n1C;955;7.019996628
CHEMBL4752145;O=C(Nc1ccc(Br)cc1)NC1(C(=O)Nc2ccccn2)CCCC1;100000;5
CHEMBL4756434;O=C(Nc1ccc(Br)cc1)NC(C(=O)Nc1cccnc1)C1CC1;970;7.013228266
CHEMBL4743451;CN1CCC(NC(=O)C2(NC(=O)Nc3ccc(Br)cc3)CCCC2)CC1;16000;5.795880017
CHEMBL4782531;COc1ccc(CC(C)NC(=O)Nc2ccc(Cl)cc2)cc1;230;7.638272164
CHEMBL4784510;COc1cc(F)c([C@@H]2CNC(=O)[C@H]2NC(=O)Nc2ccccc2)c(F)c1;1300;6.886056648
CHEMBL4785302;CC(C)C[C@H](NC(=O)Nc1ccc(Br)cc1)C(=O)NCC(=O)O;9;9.055517328
CHEMBL4747556;O=C(Nc1ccc(Br)nc1)C1C(C(=O)NC2CCNCC2)C2CCC1C21CC1;29;8.537602002
CHEMBL4757408;O=C(Nc1ccc(Br)cc1)NC(C(=O)NC1CCOCC1)C1CCCC1;6000;6.22184875
CHEMBL4754119;Cc1nn(C)cc1NC(=O)C(NC(=O)Nc1ccc(Br)cc1)C1CCCC1;4800;6.318758763
CHEMBL4753061;CC(C)n1cc(NC(=O)C(NC(=O)Nc2ccc(Br)cc2)C2CCCC2)cn1;12400;5.906578315
CHEMBL4751781;O=C(Nc1ccc(Br)cc1)NC1(C(=O)Nc2cncnc2)CCCC1;3660;6.436518915
CHEMBL4751781;O=C(Nc1ccc(Br)cc1)NC1(C(=O)Nc2cncnc2)CCCC1;72700;5.138465589
CHEMBL4786842;O=C(Nc1ccc(Br)cc1)NC1(C(=O)NCc2nn[nH]n2)CCCC1;100000;5
CHEMBL4761978;O=C(Nc1ccc(Br)cc1)NC(C(=O)Nc1cncnc1)C1CCCC1;8000;6.096910013
CHEMBL5077704;CC(NC(=O)NC1CC(C)N(c2ccccc2)C1=O)c1ccncc1;;#NUM!
CHEMBL3727426;COCCN(CCOC)C(=O)[C@H]1[C@H](C(=O)Nc2ccc(Br)cc2)[C@@H]2C=C[C@H]1C21CC1;61;8.214670165
CHEMBL3731469;O=C(NCCF)[C@H]1[C@H](C(=O)Nc2ccc(Br)cc2)[C@@H]2C=C[C@H]1C21CC1;27;8.568636236
CHEMBL3731461;O=C(NCCCO)[C@H]1[C@H](C(=O)Nc2ccc(Br)cc2)[C@@H]2C=C[C@H]1C21CC1;10;9
CHEMBL3729214;CC(C)CNC(=O)[C@H]1[C@H](C(=O)Nc2ccc(Br)cc2)[C@@H]2C=C[C@H]1C21CC1;2;9.619788758
CHEMBL3729306;O=C(N[C@@H]1CC[C@@H](CN2CCCC2)OC1)[C@H]1[C@H](C(=O)Nc2ccc(Br)cc2)[C@@H]2C=C[C@H]1C21CC1;27;8.568636236
CHEMBL3732009;O=C(/C=C/c1ccccc1)NC[C@H]1[C@H](C(=O)Nc2ccc(Br)cc2)[C@@H]2C=C[C@H]1C21CC1;6970;6.156767222
CHEMBL3729198;CC(C)C(=O)NC[C@H]1[C@H](C(=O)Nc2ccc(Br)cc2)[C@@H]2C=C[C@H]1C21CC1;1250;6.903089987
CHEMBL3730690;O=C(NCCCCN1CCCC1)[C@H]1[C@H](C(=O)Nc2nc3ccc(Cl)cc3s2)[C@@H]2C=C[C@H]1C21CC1;100000;5
CHEMBL3728843;O=C(NCCCCN1CCCC1)[C@H]1[C@H](C(=O)NCc2ccco2)[C@@H]2C=C[C@H]1C21CC1;1730;6.761953897
CHEMBL3733176;N#Cc1cnc(NC(=O)[C@H]2[C@H](C(=O)NCCCCN3CCCC3)[C@H]3C=C[C@@H]2C32CC2)s1;1660;6.779891912
CHEMBL3728471;O=C(NCCCCN1CCCC1)[C@H]1[C@H](C(=O)NCC2CCCCC2)[C@@H]2C=C[C@H]1C21CC1;600;7.22184875
CHEMBL3729487;O=C(NCC1CCCO1)[C@H]1[C@H](C(=O)Nc2ccc(Br)cc2)[C@@H]2CC[C@H]1C21CC1;15;8.823908741
CHEMBL4762142;O=C(Nc1ccc(Br)cc1)NC(C(=O)Nc1cccnc1)C1CCCC1;200;7.698970004
CHEMBL4786842;O=C(Nc1ccc(Br)cc1)NC1(C(=O)NCc2nn[nH]n2)CCCC1;2720;6.565431096
CHEMBL4793549;O=C(Nc1ccc(Br)cc1)NC(C(=O)NC1CNC1)C1CCCC1;5000;6.301029996
CHEMBL5175543;CC1(C)CN(C(=O)[C@H](Cc2ccc(C#N)cc2)NC(=O)Nc2ccc(F)cc2)c2ccccc21;23000;5.638272164
CHEMBL5199629;N#Cc1ccc(C[C@H](NC(=O)Nc2ccc(F)cc2)C(=O)N2CCc3cc(F)ccc32)cc1;1600;6.795880017
CHEMBL5185982;N#Cc1ccc(C[C@@H](NC(=O)Nc2ccc(F)cc2)C(=O)N2CCc3ccc(F)cc32)cc1;3800;6.420216403
CHEMBL5187530;N#Cc1ccc(C[C@H](NC(=O)Nc2ccc(F)cc2)C(=O)N2CCCCC2)cc1;9800;6.008773924
CHEMBL5085818;O=C(Nc1ccc(Br)cc1)NC1CCN(C2CCN(Cc3ccccc3)C2)C1=O;3700;6.431798276
CHEMBL5076199;Cc1nn(-c2ccccc2)c(C)c1N1CCC(NC(=O)Nc2ccc(Br)cc2)C1=O;2800;6.552841969
CHEMBL5084374;O=C(Nc1ccc(Br)cc1)NC1CCN(CC2CCNCC2)C1=O;2700;6.568636236
CHEMBL5076199;Cc1nn(-c2ccccc2)c(C)c1N1CCC(NC(=O)Nc2ccc(Br)cc2)C1=O;4000;6.397940009
CHEMBL5083494;CC(NC(=O)NC1CCN(c2ccccc2)C1=O)c1ccncc1;;#NUM!
CHEMBL5078594;Cc1nn(C)cc1N1CCC(NC(=O)Nc2ccc(Br)cc2)C1=O;7400;6.13076828
CHEMBL5079187;O=C(Nc1ccc(Br)cc1)NC1CCN(c2cnn(-c3ccccc3)c2)C1=O;;#NUM!
CHEMBL5085666;O=C(Nc1ccc(Br)cc1)NC1CCN(c2ccc(F)cc2)C1=O;5100;6.292429824
CHEMBL5084374;O=C(Nc1ccc(Br)cc1)NC1CCN(CC2CCNCC2)C1=O;32900;5.482804102
CHEMBL3730231;CCN(CC)CCNC(=O)[C@H]1[C@H](C(=O)Nc2ccc(Br)cc2)[C@@H]2C=C[C@H]1C21CC1;340;7.468521083
CHEMBL3733280;C[C@H](NC(=O)[C@H]1[C@H](C(=O)Nc2ccc(Br)cc2)[C@@H]2C=C[C@H]1C21CC1)C(N)=O;260;7.585026652
CHEMBL3730665;O=C(N[C@H]1CC[C@@H](CO)CC1)[C@H]1[C@H](C(=O)Nc2ncc(Br)s2)[C@@H]2CC[C@H]1C21CC1;610;7.214670165
CHEMBL3729977;O=C(NCCOCCO)[C@H]1[C@H](C(=O)Nc2ncc(Br)s2)[C@@H]2CC[C@H]1C21CC1;110;7.958607315
CHEMBL3732090;O=C(NCCC(F)CN1CCCC1)[C@H]1[C@H](C(=O)Nc2ccc(Br)cc2)[C@@H]2C=C[C@H]1C21CC1.O=CO;50;8.301029996
CHEMBL3728437;NCc1ccc(CNC(=O)[C@H]2[C@H](C(=O)NCc3ccc(Br)cc3)[C@@H]3C=C[C@H]2C32CC2)cc1;3670;6.435333936
CHEMBL3732166;NC(=O)CCNC(=O)[C@H]1[C@H](C(=O)NCc2ccc(Br)cc2)[C@@H]2CC[C@H]1C21CC1;1130;6.946921557
CHEMBL3731595;O=C(NCCCCN1CCCC1)[C@H]1[C@H](C(=O)NCc2c(F)ccc(F)c2Cl)[C@@H]2C=C[C@H]1C21CC1;250000;4.602059991
CHEMBL5087410;CC(C)(C)OC(=O)N1CCC[C@H](N2CCC(NC(=O)Nc3ccc(Br)cc3)C2=O)C1;600;7.22184875
CHEMBL5078594;Cc1nn(C)cc1N1CCC(NC(=O)Nc2ccc(Br)cc2)C1=O;1420;6.847711656
CHEMBL5084099;CC(C)n1cc(N2CCC(NC(=O)Nc3ccc(Br)cc3)C2=O)cn1;8840;6.053547735
CHEMBL5080179;CC(C)(C)OC(=O)N1CC(N2CCC(NC(=O)Nc3ccc(Br)cc3)C2=O)C1;23500;5.628932138
CHEMBL3730506;CN1CCN(CCCNC(=O)[C@H]2[C@H](C(=O)Nc3ncc(Br)s3)[C@@H]3C=C[C@H]2C32CC2)CC1;490;7.30980392
CHEMBL5085435;O=C(Nc1ccc(Br)cc1)NC1CCN(CC2CCN(Cc3ccccc3)CC2)C1=O;2500;6.602059991
CHEMBL5087410;CC(C)(C)OC(=O)N1CCC[C@H](N2CCC(NC(=O)Nc3ccc(Br)cc3)C2=O)C1;1300;6.886056648
CHEMBL5084705;Cn1cc(N2CCC(NC(=O)NCc3cc(F)cc(F)c3)C2=O)cn1;;#NUM!
CHEMBL5085818;O=C(Nc1ccc(Br)cc1)NC1CCN(C2CCN(Cc3ccccc3)C2)C1=O;13700;5.863279433
CHEMBL5087410;CC(C)(C)OC(=O)N1CCC[C@H](N2CCC(NC(=O)Nc3ccc(Br)cc3)C2=O)C1;5500;6.259637311
CHEMBL5084515;CC1CC(NC(=O)NCc2nccn2C)C(=O)N1c1ccccc1;;#NUM!
CHEMBL3459158;COc1ccc(CNC(=O)NC2CCN(c3ccccc3)C2=O)cc1;;#NUM!
CHEMBL4742937;CC(C)C[C@H](NC(=O)Nc1ccc(Br)cc1)C(=O)Nc1cccnc1;300;7.522878745
CHEMBL4739971;Cc1cncc(NC(=O)C2(NC(=O)Nc3ccc(Br)cc3)CCCC2)c1;98000;5.008773924
CHEMBL5196771;N#Cc1ccc(C[C@H](NC(=O)Nc2ccc(F)cc2)C(=O)NC2CCCCNC2=O)cc1;1700;6.769551079
CHEMBL5208434;N#Cc1ccc(C[C@@H](NC(=O)Nc2ccc(F)cc2)C(=O)N2Cc3ccccc3C2)cc1;193000;4.714442691
CHEMBL5200365;N#Cc1ccc(C[C@@H](NC(=O)Nc2ccc(F)cc2)C(=O)N2CCc3cccnc32)cc1;11000;5.958607315
CHEMBL4791407;O=C(Nc1ccc(Br)cc1)NC(C(=O)Nc1cccnc1)C1CCOCC1;720;7.142667504
CHEMBL4752145;O=C(Nc1ccc(Br)cc1)NC1(C(=O)Nc2ccccn2)CCCC1;60700;5.216811309
CHEMBL4741207;O=C(Nc1ccc(Br)cc1)NC(CC1CCCCC1)C(=O)Nc1cccnc1;21500;5.66756154
CHEMBL5186339;COc1cc(F)c([C@@H]2CNC(=O)[C@H]2Nc2nc3ccccc3[nH]2)c(F)c1;13000;5.886056648
CHEMBL5204580;COc1ccc([C@@H]2CNC(=O)[C@H]2Nc2nnc(-c3ccc(Cl)cc3)o2)cc1;1600;6.795880017
CHEMBL3590210;COc1ccc2[nH]c(SCC(=O)Nc3ccc(C(C)=O)cc3)nc2c1;60000;5.22184875
CHEMBL3731259;O=C(NCC1CCCNC1)[C@H]1[C@H](C(=O)Nc2ncc(Br)s2)[C@@H]2CC[C@H]1C21CC1;5;9.346787486
CHEMBL3731053;CNCCCNC(=O)[C@H]1[C@H](C(=O)Nc2ncc(Br)s2)[C@@H]2CC[C@H]1C21CC1;140;7.853871964
CHEMBL3733217;CNCCNC(=O)[C@H]1[C@H](C(=O)Nc2ncc(Br)s2)[C@@H]2CC[C@H]1C21CC1;130;7.886056648
CHEMBL3732017;O=C(NCC1(O)CCCCC1)[C@H]1[C@H](C(=O)Nc2ncc(Br)s2)[C@@H]2CC[C@H]1C21CC1;1290;6.88941029
CHEMBL3733261;O=C(NCCCCN1CCCC1)[C@H]1[C@H](C(=O)NCCc2ccc(Cl)cc2)[C@@H]2C=C[C@H]1C21CC1;82700;5.08249449
CHEMBL3727911;O=C(NCCCCN1CCCC1)[C@H]1[C@H](C(=O)NCc2cc(C(F)(F)F)ccc2F)[C@@H]2C=C[C@H]1C21CC1;99700;5.001304842
CHEMBL3728870;CC(=O)c1cccc(NC(=O)[C@H]2[C@H](C(=O)NCCCCN3CCCC3)[C@H]3C=C[C@@H]2C32CC2)c1;67000;5.173925197
CHEMBL3727378;NCCCNC(=O)[C@H]1[C@H](C(=O)NCc2ccc(Br)cc2)[C@@H]2C=C[C@H]1C21CC1;760;7.119186408
CHEMBL3730815;COc1ccc(NC(=O)[C@H]2[C@H](C(=O)NCCC(N)=O)[C@H]3CC[C@@H]2C32CC2)cc1;590;7.229147988
CHEMBL3732192;NC(=O)CCNC(=O)[C@H]1[C@H](C(=O)NCc2ccc(Cl)nc2)[C@@H]2C=C[C@H]1C21CC1;310;7.508638306
CHEMBL3728633;CC(=O)c1csc(CNC(=O)[C@H]2[C@H](C(=O)NCCN(C)C)[C@H]3C=C[C@@H]2C32CC2)n1;650;7.187086643
CHEMBL3729817;CC(=O)c1csc(CNC(=O)[C@H]2[C@H](C(=O)NCCCN3CCCC3)[C@H]3C=C[C@@H]2C32CC2)n1;1400;6.853871964
CHEMBL3730714;O=C(NCCN1CCNC1=O)[C@H]1[C@H](C(=O)Nc2ncc(Br)s2)[C@@H]2C=C[C@H]1C21CC1;91;8.040958608
CHEMBL5094814;CCc1ccc(C(C)NC(=O)NC2CCN(c3cnn(C)c3)C2=O)cc1;;#NUM!
CHEMBL5088171;O=C(Nc1ccc(Br)cc1)NC1CCN(c2cnn(-c3ccncc3)c2)C1=O;;#NUM!
CHEMBL5075254;O=C(Nc1ccc(Br)cc1)NC1CCN(Cc2ccccc2)C1=O;;#NUM!
CHEMBL5087710;CC(C)(C)OC(=O)N1CCC(N2CCC(NC(=O)Nc3ccc(Br)cc3)C2=O)CC1;7300;6.13667714
CHEMBL4753061;CC(C)n1cc(NC(=O)C(NC(=O)Nc2ccc(Br)cc2)C2CCCC2)cn1;74500;5.127843727
CHEMBL3729189;O=C(NCC1CCCN1)[C@H]1[C@H](C(=O)Nc2ncc(Br)s2)[C@@H]2CC[C@H]1C21CC1;83;8.080921908
CHEMBL3731273;O=C(NC1CCNC1)[C@H]1[C@H](C(=O)Nc2ncc(Br)s2)[C@@H]2CC[C@H]1C21CC1;89;8.050609993
CHEMBL4794472;Cc1ccc(NC(=O)C2(NC(=O)Nc3ccc(Br)cc3)CCCC2)cn1;99000;5.004364805
CHEMBL5185921;N#Cc1ccc(C[C@H](NC(=O)Nc2ccc(F)cc2)C(=O)N2Cc3ccccc3C2)cc1;3400;6.468521083
CHEMBL5193947;CC1(C)CN(C(=O)[C@H](Cc2ccc(C#N)cc2)NC(=O)Nc2ccc(F)cc2)Cc2cc(F)ccc21;16000;5.795880017
CHEMBL4797594;O=C(Nc1ccc(Br)cc1)NC1(C(=O)Nc2cccnc2)CCCC1;13000;5.886056648
CHEMBL5070452;O=C(Nc1ccc(Br)cc1)NC1CCN(C2CCN(Cc3ccccc3)CC2)C1=O;3500;6.455931956
CHEMBL5094814;CCc1ccc(C(C)NC(=O)NC2CCN(c3cnn(C)c3)C2=O)cc1;;#NUM!
CHEMBL4754119;Cc1nn(C)cc1NC(=O)C(NC(=O)Nc1ccc(Br)cc1)C1CCCC1;19000;5.721246399
CHEMBL4739874;CN1CCC(NC(=O)C(NC(=O)Nc2ccc(Br)cc2)C2CCCC2)CC1;36700;5.435333936
CHEMBL4760670;O=C(Nc1ccc(Br)cc1)NC1(C(=O)Nc2ccc(Cl)nc2)CCCC1;1100;6.958607315
CHEMBL4741207;O=C(Nc1ccc(Br)cc1)NC(CC1CCCCC1)C(=O)Nc1cccnc1;13000;5.886056648
CHEMBL5169641;COc1cc(F)c([C@@H]2CNC(=O)[C@H]2c2nc3cc(Cl)ccc3[nH]2)c(F)c1;1100;6.958607315
CHEMBL5174501;COc1cc(F)c([C@@H]2CNC(=O)[C@H]2Nc2cc(-c3ccc(Cl)cc3)[nH]n2)c(F)c1;100000;5
CHEMBL4743451;CN1CCC(NC(=O)C2(NC(=O)Nc3ccc(Br)cc3)CCCC2)CC1;100000;5
CHEMBL4761559;CC(C)n1cc(NC(=O)C2(NC(=O)Nc3ccc(Br)cc3)CCCC2)cn1;41500;5.381951903
CHEMBL5184913;N#Cc1ccc(C[C@@H](NC(=O)Nc2ccc(F)cc2)C(=O)N2CCc3ccc(F)cc3C2)cc1;6200;6.207608311
CHEMBL4794375;COc1ccc([C@@H]2COC[C@@H]2NC(=O)Nc2ccc(F)cc2)cc1;3;9.602059991
CHEMBL5208504;COc1cc(F)c([C@@H]2CNC(=O)[C@H]2c2nc3ccccc3[nH]2)c(F)c1;6800;6.167491087
CHEMBL5187399;COc1cc(F)c([C@@H]2CNC(=O)[C@H]2Nc2nnc(-c3ccccc3)o2)c(F)c1;2500;6.602059991
CHEMBL4784510;COc1cc(F)c([C@@H]2CNC(=O)[C@H]2NC(=O)Nc2ccccc2)c(F)c1;50;8.301029996
CHEMBL4739874;CN1CCC(NC(=O)C(NC(=O)Nc2ccc(Br)cc2)C2CCCC2)CC1;100000;5
CHEMBL4760670;O=C(Nc1ccc(Br)cc1)NC1(C(=O)Nc2ccc(Cl)nc2)CCCC1;25800;5.588380294
CHEMBL5188537;N#Cc1ccc(C[C@@H](NC(=O)Nc2ccc(F)cc2)C(=O)N2CCCCC2)cc1;134000;4.872895202
CHEMBL5202577;N#Cc1ccc(C[C@@H](NC(=O)Nc2ccc(F)cc2)C(=O)N2CCc3ccccc32)cc1;56000;5.251811973
CHEMBL5187767;N#Cc1ccc(C[C@@H](NC(=O)Nc2ccc(F)cc2)C(=O)N2Cc3ccc(F)cc3C2)cc1;72000;5.142667504
CHEMBL5196551;N#Cc1ccc(C[C@H](NC(=O)Nc2ccc(F)cc2)C(=O)N2CCc3ccccc3C2)cc1;2400;6.619788758
CHEMBL5207056;N#Cc1ccc(C[C@H](NC(=O)Nc2ccc(F)cc2)C(=O)N2CCc3ccc(F)cc32)cc1;11300;5.946921557
CHEMBL5183856;N#Cc1ccc(C[C@H](NC(=O)Nc2ccc(F)cc2)C(=O)N2CCCC2)cc1;31000;5.508638306
CHEMBL5190571;N#Cc1ccc(C[C@@H](NC(=O)Nc2ccc(F)cc2)C(=O)N2CCCc3ccccc32)cc1;2500;6.602059991
CHEMBL5204594;COc1cc(F)c([C@@H]2CNC(=O)[C@H]2c2nc3nc(Cl)ccc3[nH]2)c(F)c1;23000;5.638272164
CHEMBL5203364;COc1cc(F)c([C@@H]2CNC(=O)[C@H]2Nc2nnc(-c3ccc(Cl)cc3F)o2)c(F)c1;8400;6.075720714
CHEMBL5197524;COc1cc(F)c([C@@H]2CNC(=O)[C@H]2Nc2nnc(-c3ccc(OC(F)(F)F)cc3)o2)c(F)c1;530;7.27572413
CHEMBL5191583;COc1cc(F)c([C@@H]2CNC(=O)[C@H]2Nc2cc(-c3ccc(Cl)cc3)on2)c(F)c1;100;8
CHEMBL5197701;COc1cc(F)c([C@@H]2CNC(=O)[C@H]2Nc2cc(-c3ccc(Cl)cc3)no2)c(F)c1;22000;5.657577319
CHEMBL5192360;COc1cc(F)c([C@@H]2CNC(=O)[C@H]2Nc2cc(-c3ccc(Cl)cc3)n(C)n2)c(F)c1;100000;5
CHEMBL5085666;O=C(Nc1ccc(Br)cc1)NC1CCN(c2ccc(F)cc2)C1=O;19700;5.705533774
CHEMBL5070452;O=C(Nc1ccc(Br)cc1)NC1CCN(C2CCN(Cc3ccccc3)CC2)C1=O;28700;5.542118103
CHEMBL5093348;O=C(Nc1ccc(Br)cc1)NC1CCN(C2CCN(c3ncccn3)CC2)C1=O;3850;6.41453927
CHEMBL5088283;N#Cc1ccc(NC(=O)NC2CCN(c3ccccc3F)C2=O)cc1;;#NUM!
CHEMBL5075000;O=C(Nc1ccc(Br)cc1)NC1CCN(C2CCNCC2)C1=O;10300;5.987162775
CHEMBL5170711;N#Cc1ccc(C[C@@H](NC(=O)Nc2ccc(F)cc2)C(=O)N2CCc3ccccc3C2)cc1;13000;5.886056648
CHEMBL4759517;O=C(Nc1ccc(Br)cc1)NC(C(=O)NCC1CCCO1)C1CCCC1;9400;6.026872146
CHEMBL4757032;O=C(Nc1ccc(Br)cc1)NC(C(=O)NC1COC1)C1CCCC1;6200;6.207608311
CHEMBL5187135;N#Cc1ccc(C[C@H](NC(=O)Nc2ccc(F)cc2)C(=O)N2CCCc3ccccc32)cc1;2700;6.568636236
CHEMBL5203658;N#Cc1ccc(C[C@H](NC(=O)Nc2ccc(F)cc2)C(=O)N2CCC(F)(F)CC2)cc1;195000;4.709965389
CHEMBL5184396;N#Cc1ccc(C[C@@H](NC(=O)Nc2ccc(F)cc2)C(=O)N2CCCC2)cc1;52000;5.283996656
CHEMBL5195186;N#Cc1ccc(C[C@H](NC(=O)Nc2ccc(F)cc2)C(=O)N2CCc3ccccc32)cc1;260;7.585026652
CHEMBL5187763;N#Cc1ccc(C[C@H](NC(=O)Nc2ccc(F)cc2)C(=O)N2Cc3ccc(F)cc3C2)cc1;17000;5.769551079
CHEMBL5194850;COc1cc(F)c([C@@H]2CNC(=O)[C@H]2Nc2noc(-c3ccc(Cl)cc3)n2)c(F)c1;25000;5.602059991
CHEMBL5201495;COc1cc(F)c([C@@H]2CNC(=O)[C@H]2Nc2nnc(-c3ccc(Cl)cc3)s2)c(F)c1;370;7.431798276
CHEMBL5203596;COc1ccc(-c2nnc(N[C@@H]3C(=O)NC[C@H]3c3c(F)cc(OC)cc3F)o2)cc1;37000;5.431798276
CHEMBL5201015;COc1cc(F)c([C@@H]2CNC(=O)[C@H]2Nc2ncc(-c3ccc(Cl)cc3)o2)c(F)c1;2500;6.602059991
CHEMBL5181627;COc1ccc([C@@H]2CNC(=O)[C@H]2Nc2nnc(-c3ccc(Cl)cc3)o2)c(F)c1;400;7.397940009
;;;